,0,1,2,3,4,5,6,7,8,9,10,11,12,13,14,15,16,17,18
0,0.9686661347646334,0.9999999999999999,0.17737003058103973,0.9375,0.14682539682539683,0.009584607685035884,0.2659786654617715,0.4330602290524057,0.949347466132883,0.5439409466318172,0.3650804634877415,0.6693815440718083,0.38428913969947587,0.1240073939579549,0.6167312239276408,0.8363886600254664,0.570906200317965,0.9238095238095239,0.6285714285714286
1,0.6519184739247117,0.6823529411764706,0.1651376146788991,0.65625,0.09581881533101044,0.09197067966381395,0.3142139911120656,0.4108165329309226,0.7887592993358877,0.6640797098471148,0.9231928000676802,0.47221172883264506,0.26253103560328706,0.15795740972386563,0.6686778659524693,0.8121735859077632,0.39729729729729735,0.761904761904762,0.4653061224489796
2,0.6818742293464858,0.7176470588235294,0.10703363914373076,0.6875,0.114376130198915,0.08611237940938216,0.3631192697630792,0.32842522981923805,0.8042751177128783,0.5568172005690711,0.6650163732569652,0.6112619439981544,0.0428655815717609,0.6363861905498331,0.6546028173702787,0.4935213970834958,0.3978498665564034,0.7333333333333334,0.5375510204081633
3,0.0401102487850874,0.07058823529411762,0.10397553516819569,0.0625,0.5051020408163266,0.38265309049189733,0.07726426748394899,0.4367882819872895,0.5727504716222344,0.353377228533191,0.3038853324328046,0.3358943720845069,0.6607180150474861,0.6768479185062981,0.2494377559829406,0.19218234902630665,0.5513156328134302,0.04761904761904763,0.027755102040816326
4,0.7750054399071589,0.7999999999999999,0.15290519877675834,0.75,0.0811335403726708,0.05235644363709757,0.7081056217160389,0.4974378345125421,0.36278767421677494,0.6119065817886431,0.5377271894798688,0.4378138868644683,0.2581328205162947,0.4751823120194558,0.7007497068516182,0.48193572974048665,0.45200414861814414,0.8571428571428572,0.5612244897959184
5,0.8872851236672227,0.9176470588235294,0.18042813455657492,0.84375,0.044058744993324434,0.19046261640267093,0.4910622723983291,0.5705871048830338,0.24746419182373613,0.15378214915415434,0.29012375135898294,0.6710124756193989,0.27121066096748425,0.6923482861855215,0.6342307624444503,0.2083036796377457,0.1674136094736953,1.0000000000000002,0.7032653061224491
6,0.8017697831290346,0.8352941176470589,0.15290519877675834,0.78125,0.08202511773940345,0.10414947450369794,0.23125802762153147,0.7406112626576558,0.47549956006298044,0.09764910627101227,0.29744755524624444,0.6012320882045408,0.41072402344823145,0.5162049154677764,0.5899660080630003,0.358796449799557,0.32897228438629716,0.8476190476190476,0.8106122448979592
7,0.44063247987234344,0.47058823529411764,0.13761467889908252,0.4375,0.14285714285714285,0.09918256130790193,0.15182153427095435,0.6322289438553357,0.7211922074790168,0.4422372694961084,0.5543644269605437,0.6020998992401798,0.33915172391096027,0.4671495348711594,0.4744268939536185,0.5645953281181431,0.2241802931458104,0.4000000000000001,0.43836734693877555
8,0.04105316602596648,0.07058823529411762,0.09174311926605505,0.0625,0.26190476190476186,0.3387351211817008,0.2505214397399953,0.4461964155740348,0.471046416402217,0.19887572117454577,0.24687679815868546,0.2840620314391127,0.7943955377779899,0.660871451592909,0.2734225695780692,0.0943696031329917,0.17027027027027028,0.0380952380952381,0.0
9,0.2625661855371002,0.2941176470588235,0.10703363914373076,0.28125,0.12627551020408165,0.1286275634590564,0.10031223994002847,0.7221683341185601,0.620154904140039,0.46067403960658043,0.7454848446572823,0.4869883636035517,0.3318755415060268,0.29240628032907345,0.6342272834661631,0.5732712083318872,0.46512854317732366,0.24761904761904768,0.15918367346938778
10,0.13266120258214256,0.16470588235294115,0.08868501529051986,0.15625,0.2357142857142857,0.252303966091432,0.35949154706107644,0.38010718087208417,0.506735410041884,0.5698980679980369,0.1351667986699288,0.525973191546895,0.5740025666357416,0.5596825358117568,0.26250649508065194,0.40190671540536665,0.7164377492246344,0.17142857142857143,0.10530612244897958
11,0.8978748096032495,0.9294117647058823,0.17125382262996935,0.875,0.08249999999999999,0.03115744580026064,0.3414002516732626,0.5657581132389216,0.6842352042233956,0.395213865451611,0.6589642121394219,0.6616404949346759,0.16644747200552024,0.41919084281669994,0.6987124545707337,0.5462291466127567,0.2488869379820656,0.9333333333333333,0.7126530612244898
12,0.8131573221150358,0.8470588235294118,0.22629969418960239,0.78125,0.11578947368421051,0.09650520916813593,0.32636937181452574,0.43861456674236377,0.7155214683817402,0.45649326240043536,0.6679721300056743,0.763188343429327,0.1533590069236035,0.44466494509881116,0.4709165519046876,0.7256028779884671,0.4772339907475043,0.8857142857142858,0.8804081632653061
13,0.3619351563066656,0.4,0.12538226299694188,0.375,0.09603174603174602,0.17867238680503217,0.23219128409627543,0.48763223796672106,0.5821763433104942,0.2065779320498416,0.5207047898800156,0.5590666957332162,0.41735073263293065,0.42605138486911276,0.5930957720802357,0.2765721463941064,0.5014972897160835,0.40952380952380957,0.23918367346938774
14,0.8756074562994124,0.9058823529411765,0.15596330275229353,0.84375,0.06975967957276367,0.1904232515894641,0.3806321011069975,0.5953850228023663,0.34103377481399155,0.44012146176743877,0.413059252842062,0.6048774532308572,0.27977921251532045,0.19644054976365766,0.955166509413572,0.47955408069871214,0.27902268245615885,1.0000000000000002,0.7032653061224491
15,0.6073112352215855,0.6352941176470588,0.2048929663608563,0.59375,0.11458333333333334,0.12975232827687178,0.39635354132262113,0.4322480384155767,0.6287095710665899,0.3025288801269666,0.5359310241532992,0.6667374478532457,0.24537915063336424,0.3612677342034951,0.6094188299761618,0.6940921475002078,0.519019797402379,0.6666666666666666,0.44448979591836735
16,0.6920287227097991,0.6588235294117647,0.18348623853211,0.625,0.1631868131868132,0.13903565928207562,0.5366111648095124,0.6077481587338693,0.6664351208669074,0.2608531136230776,0.35312930003206666,0.7013130208563989,0.3568165115099502,0.36887143560880675,0.47904871685464334,0.7558212220659479,0.4904904904904905,0.6,0.549795918367347
17,0.1909770073257416,0.19999999999999996,0.033639143730886834,0.1875,0.20798319327731093,0.6036403269754769,0.21486331223898025,0.49177359606093374,0.2740738168009632,0.27439874352413934,0.21159003063702186,0.3885142890141724,0.5731571265499213,0.8155209766721967,0.35097860816792137,0.034262243808827864,0.34499972060275297,0.14285714285714285,0.2493877551020408
18,0.4982954957568724,0.48235294117647054,0.17125382262996935,0.46875,0.13095238095238093,0.252303966091432,0.49427656095173833,0.3966585269969136,0.7269026632912435,0.6875716323255991,0.5620336389837998,0.5318142098953695,0.25727167922417316,0.4794774022168884,0.5649230130863443,0.48185951149937606,0.6198354367368452,0.5238095238095238,0.4106122448979592
19,0.3274824109668528,0.32941176470588235,0.09785932721712537,0.3125,0.2261904761904762,0.2638506014487938,0.5003467290704859,0.5136213729457086,0.5071200333425953,0.2754000060345462,0.48619375750182037,0.6590567230078259,0.3219450805300408,0.4177611485707651,0.5300621831548269,0.5868966972833394,0.4449370184664302,0.2952380952380953,0.3787755102040816
20,0.07557844346123158,0.09411764705882353,0.01834862385321101,0.09375,0.3273809523809524,0.4513818606461658,0.39736238083948416,0.353309763336646,0.44781619232855685,0.3379142875577983,0.39340552345760305,0.22358384835570333,0.6457519226783277,0.7144491804216608,0.2573409536404523,0.37092735813647476,0.19883275304962053,0.0380952380952381,0.09755102040816327
21,0.6949300065278885,0.6705882352941176,0.11009174311926606,0.625,0.13598901098901098,0.2219104710003893,0.7029656281019512,0.524261524025956,0.372174314293653,0.3705698019264249,0.36016831116882164,0.4194295307288196,0.5456930702021277,0.5165220025937596,0.34122348496199817,0.5402764085049239,0.5142680751817807,0.7238095238095238,0.6220408163265306
22,0.7591209110031188,0.7294117647058823,0.14678899082568797,0.71875,0.039285714285714285,0.28225395095367845,0.8166644174128717,0.5263328067695776,0.14961563397239974,0.2435310916367987,0.16433241821452677,0.34754565463601117,0.4733583556174863,0.9064046971137678,0.44956779282610926,0.1132533216467223,0.21411231590872312,0.8380952380952381,0.7477551020408163
23,0.5780082686588816,0.5529411764705882,0.15290519877675834,0.53125,0.05513784461152882,0.25627247956403276,0.5536155234986231,0.7375610860146515,0.30737183939983326,0.14984289658449274,0.0,0.5235497176928801,0.5678117528396109,0.690035683295259,0.43756119115268066,0.23910408950487544,0.21283783783783783,0.5238095238095238,0.6171428571428572
24,0.17465728584898818,0.18823529411764706,0.08868501529051986,0.1875,0.28061224489795916,0.3130245231607629,0.3302164503253453,0.7221683341185601,0.3428909850437383,0.17585585697088452,0.2517412025993164,0.6064974753931123,0.4771481013623835,0.633946819307607,0.38867329610352264,0.32860483634400556,0.2576135213022821,0.11428571428571431,0.22367346938775512
25,0.5117864655109886,0.49411764705882355,0.12538226299694188,0.46875,0.11554621848739496,0.2640019816695566,0.27023142997829774,0.6409162713239427,0.6877434388340197,0.38730877915850237,0.3529286437800042,0.46894662405614973,0.5078522554325193,0.5422552694995564,0.45857729409865744,0.3166414354740415,0.3320033125047052,0.46666666666666673,0.5363265306122449
26,0.24711684920577356,0.24705882352941178,0.13455657492354733,0.25,0.15714285714285714,0.38588235294117645,0.554118870023526,0.30244566856479604,0.5691000768187241,0.4867169567845307,0.34571542281373735,0.40853791018841257,0.4473062065621147,0.5961733164175866,0.4883859763781815,0.3915049486975895,0.34216992111728955,0.21904761904761905,0.25428571428571434
27,0.17668818452165083,0.18823529411764706,0.036697247706421965,0.15625,0.14732142857142858,0.3091008174386921,0.47809618798646936,0.6512829138184282,0.29884498567609774,0.2239468915088007,0.29355950336549697,0.5104578791106753,0.4508284550733066,0.5179195200891225,0.5961856281894786,0.3705392756344568,0.18737165112710966,0.13333333333333336,0.12448979591836734
28,0.339160078334663,0.3411764705882353,0.07339449541284404,0.3125,0.1167953667953668,0.3299182561307902,0.6598216402531323,0.4327562247358274,0.2973122494343666,0.2576102276353579,0.21377977186654984,0.6031417829600263,0.4206394795291626,0.6044878819034967,0.3842281084132879,0.5735838850421588,0.34418268535915597,0.33333333333333337,0.42040816326530617
29,0.7525204903169652,0.7176470588235294,0.09480122324159018,0.71875,0.09603174603174602,0.2096384122542161,0.7847059942695782,0.6219208566435794,0.24129215698054263,0.27484752844450927,0.3220132149895898,0.685281035603788,0.3366811360964488,0.5123278008634209,0.5399450892445516,0.41946825347718625,0.44418331374853115,0.8380952380952381,0.7085714285714285
30,0.521360702110684,0.5058823529411764,0.13149847094801215,0.46875,0.17285714285714285,0.2813779680809654,0.3799250190839196,0.5146853880537332,0.6511524778708372,0.4905649631427241,0.4279193091817143,0.37923500290505285,0.347620952396682,0.7522692923838439,0.3961081921392098,0.47941885923085,0.44308248769215314,0.4571428571428572,0.6453061224489797
31,0.7670269094074127,0.7294117647058823,0.15902140672782872,0.71875,0.0742063492063492,0.2648065395095368,0.5452599711852351,0.6292159742815178,0.4090126887098269,0.16577842648674607,0.2512924691592471,0.5408059326370454,0.48066414324792683,0.7397694248709192,0.38251780272191316,0.20216076152629364,0.2658494926152919,0.8380952380952381,0.6453061224489797
32,0.7603539566258068,0.7294117647058823,0.15596330275229353,0.71875,0.04801587301587301,0.3168959128065394,0.5810982437583208,0.6844312649539488,0.17843752894322495,0.21061007235849005,0.1811542131854132,0.6008771757425297,0.3920268309281796,0.5527922399900831,0.620814246222626,0.3975680540591409,0.15280665280665282,0.8380952380952381,0.803265306122449
33,0.3707115398563864,0.3647058823529411,0.10397553516819569,0.34375,0.19081632653061223,0.2883973247460986,0.5699056473954802,0.4973709603867851,0.46383780848215417,0.26109551438102474,0.5009225627318126,0.5777400924219036,0.3877619919163995,0.42502459510168666,0.5726808482983752,0.36505902433588405,0.553049182436452,0.31428571428571433,0.343265306122449
34,0.8761877130630303,0.8705882352941176,0.17431192660550454,1.0,0.13968253968253969,0.0,0.3663185459045868,0.6632683713570979,0.7972800554432428,0.456549685002625,0.48282656624133014,0.7787743486825585,0.3344810561909082,0.0,0.6587993552032108,0.8750546654714761,0.6920662598081954,0.8380952380952381,0.5428571428571429
35,0.5014143758613185,0.5176470588235293,0.3302752293577981,0.75,0.12192118226600986,0.15474544672307472,0.37715282863661614,0.354205776059193,0.7922473591592208,0.716983228298327,0.8972033118461621,0.6527792248883324,0.1504528141096646,0.13396155179283875,0.5588982872859336,1.0,0.8378853370066024,0.8095238095238095,0.3538775510204082
36,0.21817654312033072,0.23529411764705882,0.07645259938837917,0.21875,0.20798319327731093,0.29055239038890257,0.36010166406095867,0.3754928661948591,0.6434784073016916,0.2708525166687005,0.2365212868648271,0.9276840545658593,0.19623145427384125,0.5398993551703866,0.5137526060521242,0.5365228495556273,0.38998507710164154,0.14285714285714285,0.25591836734693885
37,0.7296728802495104,0.7294117647058823,0.13455657492354733,0.6875,0.03021978021978022,0.1737765667574932,0.4220407418890084,0.808764977043668,0.27713068444938416,0.25478598304908656,0.208929583167619,0.660217298231504,0.396346472685448,0.49574793411589235,0.6688023922289783,0.2565273577039981,0.14886243445777167,0.8476190476190476,0.6375510204081632
38,0.78022775077972,0.7764705882352941,0.12844036697247707,0.75,0.04317111459968603,0.20240747766702305,0.5873779695171093,0.6705029929238391,0.20950923428097123,0.09044061320009712,0.18647695371713124,0.6206443933362145,0.3219944669925021,0.7156434140716366,0.6766764392784321,0.13583324238515937,0.1375789024884831,0.8476190476190476,0.7179591836734694
39,0.8140277072604628,0.8117647058823529,0.12844036697247707,0.75,0.08519793459552495,0.1537635409051638,0.38248998177615157,0.6476872765568273,0.5238955265351487,0.09204071363614812,0.28193462886853704,0.7564868952203783,0.2663112894207811,0.5403418484593976,0.6651303439753598,0.36419471473025516,0.26784087458244765,0.7714285714285715,0.8559183673469387
40,0.3456154348299122,0.3647058823529411,0.1406727828746177,0.34375,0.2042857142857143,0.21383205350507806,0.11140272198394152,0.6192490545787113,0.6975690848468011,0.31139947124649026,0.2672837729191214,0.622819224948328,0.40059069194779573,0.5956215571959622,0.4531690499517267,0.36921338294117806,0.41170704383139617,0.21904761904761905,0.3661224489795919
41,0.04634800899397981,0.07058823529411762,0.051987767584097844,0.0625,0.7857142857142857,0.5842764950523448,0.460337464857409,0.325458701210805,0.07802057589096378,0.22171013428924818,0.22231206138884674,0.20480446036660216,0.8104118552164619,0.8927087255462114,0.06682614778562534,0.0863003090551589,0.22301511490700682,0.0,0.049795918367346925
42,0.8145354319286283,0.8117647058823529,0.1651376146788991,0.84375,1.0,0.03118761214860105,0.5997883596000808,0.6469606320928105,0.5055223673242567,0.4041431130721982,0.5212265284976283,0.7410092283362231,0.1943014194987236,0.2533661780931804,0.7683819046775431,0.628359159650653,0.44326557962921603,0.08571428571428573,0.6448979591836735
43,0.8125045332559657,0.8117647058823529,0.2660550458715596,0.75,0.07339089481946624,0.12809197846746856,0.37401902806437115,0.621528075852219,0.5985864128924702,0.4158456249755065,0.39842633960162255,0.7541537591234515,0.25591504482726757,0.4135570671477766,0.6449865812089726,0.47271273264163377,0.27675508325663123,0.8476190476190476,0.7118367346938775
44,0.8347718865598027,0.8352941176470589,0.1437308868501529,0.78125,0.13242375601926162,0.11272868820552745,0.419293907995967,0.4937597575959132,0.7043747271067361,0.4699323633346523,0.6216759651702046,0.7311017336316536,0.19138210692307966,0.24156766700796872,0.7182423696634439,0.659337752037986,0.4353594222226071,0.8285714285714286,0.9310204081632653
45,0.15594400522231086,0.1764705882352941,0.045871559633027525,0.15625,0.009581881533101045,0.27934604904632154,0.38693591710935293,0.6955679564179411,0.26806925534870796,0.21445076525711354,0.3294240188771824,0.7482143262452248,0.287264051810058,0.5194794606971,0.6181533066997125,0.42605953309167205,0.060298072102456586,0.761904761904762,0.1412244897959184
46,0.5583520707913251,0.5647058823529412,0.13455657492354733,0.5625,0.11785714285714285,0.15763076785634522,0.2961744049667352,0.7153307288342043,0.5414960439830737,0.23759591148988313,0.5384146304151546,0.7283188614827718,0.2310135652757097,0.41823817934043284,0.5977662476513026,0.5607923461809143,0.47203639282847204,0.5523809523809524,0.39918367346938777
47,0.7634728367302531,0.7647058823529411,0.14984709480122327,0.71875,0.05612244897959183,0.2387424020121568,0.510366441320429,0.6927578652352091,0.17926053177164603,0.22651366153842223,0.46193744714016516,0.8466322803791646,0.09778007571887715,0.6660205003826376,0.6649512693005446,0.2125516553753865,0.22694697518392865,0.8476190476190476,0.8146938775510205
48,0.6644665264379488,0.6588235294117647,0.13761467889908252,0.6875,0.14606227106227107,0.038440943016230356,0.48365035653712174,0.5922042858514207,0.7352621098453275,0.331686407552909,0.35272174362759456,0.46748298474442707,0.6116353293148458,0.20213399077669836,0.4472663177362617,0.7120892397042393,0.708054589242708,0.7238095238095238,0.4404081632653062
49,0.6906506128962066,0.6823529411764706,0.11620795107033632,0.65625,0.12779690189328743,0.2279280039912499,0.48223247900218413,0.35207091006533053,0.6835833701849888,0.8517598996993054,0.7175003671419807,0.6160666143964717,0.24260238046088745,0.2687677216937985,0.5969872766539763,0.5549275079959513,0.649811935321261,0.7714285714285715,0.5106122448979592
50,0.538768405019221,0.5411764705882353,0.04892966360856266,0.5,0.13095238095238093,0.1760051724934189,0.484503486240347,0.5701764810603802,0.502746761105957,0.37220105460915176,0.5707941114810062,0.7112618576506138,0.22935475744865164,0.3586964982227334,0.7032454028716275,0.4796961361269882,0.2715273412947832,0.5238095238095238,0.5171428571428571
51,0.6959454558642199,0.6823529411764706,0.15596330275229353,0.65625,0.12767857142857142,0.17664351229995778,0.8242245404291599,0.4301186661581886,0.34821977153278094,0.31825044014609744,0.5159484870510636,0.3191085340257591,0.472075905435108,0.6639251634913519,0.3247581494439158,0.5342222479104319,0.4404703867968276,0.7428571428571429,0.5848979591836735
52,0.8117792123014433,0.7999999999999999,0.23853211009174302,0.75,0.0742063492063492,0.2110969825411242,0.4348071011576564,0.6846519495689465,0.3846224431340668,0.3920664127795582,0.3451028078060616,0.5709320435093044,0.322634608236136,0.5849155419101151,0.5844147181803936,0.389909837687108,0.2588984801374182,0.8380952380952381,0.6718367346938775
53,0.5497932835279611,0.5411764705882353,0.10703363914373076,0.5,0.10639880952380952,0.1419332194153235,0.32275009450884307,0.7100493823797018,0.6681728917166255,0.11096269704393423,0.3669279655062522,0.42755398703227265,0.5283376942019382,0.4371805154963426,0.6116492062703895,0.3649417093045802,0.2941429861738345,0.43809523809523815,0.4510204081632654
54,0.5114238050337274,0.5058823529411764,0.11926605504587151,0.5,0.10476190476190476,0.15878551965745424,0.22676386222061273,0.7360005305228816,0.7061293067518756,0.30179784068276405,0.5923837270510838,0.5610392158188653,0.2786872725957048,0.5330053635771956,0.5660079802399707,0.5058773263553056,0.22197676206988157,0.40952380952380957,0.44612244897959186
55,0.1388264306955828,0.15294117647058825,0.012232415902140692,0.15625,0.19642857142857142,0.35885139383776987,0.48442473580620327,0.6442496892847476,0.20823359052728319,0.08019631771594797,0.47128069915523907,0.3942306506714639,0.5152039119120748,0.5587416461242007,0.42224036474066073,0.5359785877384406,0.17863492134932601,0.09523809523809525,0.1473469387755102
56,0.4606513382171611,0.45882352941176474,0.07339449541284404,0.4375,0.10639880952380952,0.25855795430727313,0.3973070680345496,0.6144572662600545,0.4746597612584692,0.22030136456032806,0.46390703985303117,0.7622210416165476,0.2661746801370599,0.34894066484813235,0.6501702393225304,0.5302194731587679,0.44372397216244164,0.43809523809523815,0.446530612244898
57,0.8505113512729382,0.8352941176470589,0.18042813455657492,0.8125,0.10476190476190476,0.09195796029583497,0.3887335832697203,0.6473326048541526,0.6903380899456201,0.4105548824593128,0.6564855955501566,0.6687679547057204,0.24836347512033363,0.2131833395314242,0.6798447182896774,0.7021402891169202,0.5148972972972973,0.8380952380952381,0.6775510204081633
58,0.5725683614999637,0.5647058823529412,0.13761467889908252,0.53125,0.11332417582417581,0.1604288202974941,0.31944386726552443,0.6225346571179471,0.7192167450885721,0.46383903729241577,0.5487335437142327,0.5759060620581227,0.28695319542313324,0.525345747927052,0.518653713786337,0.527902258061206,0.2746997958265564,0.4761904761904762,0.6134693877551021
59,0.42525567563646904,0.4235294117647058,0.08868501529051986,0.40625,0.046768707482993194,0.2907634988600345,0.2847771173101854,0.6090787283513579,0.5656793837290405,0.23337627476636424,0.44662497580797034,0.6654322900217833,0.2773197208673306,0.5835464871941394,0.5851858660444806,0.38486611946487975,0.0969017798286091,0.380952380952381,0.2595918367346939
60,0.5759048378907666,0.5764705882352941,0.07339449541284404,0.5625,0.024175824175824177,0.3753924584688406,0.4055504602538029,0.6424015240847043,0.16637910172180437,0.1533243247405217,0.28657712410034697,0.5582524481151616,0.47353966713532225,0.42332509032473453,0.5960224898012294,0.5010010458769867,0.10439928980074965,0.6,0.49591836734693884
61,0.43910930586784647,0.44705882352941173,0.08562691131498468,0.40625,0.10476190476190476,0.23565314954319605,0.4416061173981749,0.5200471896765249,0.49010958926499204,0.17506565586312417,0.43211830839066945,0.7702697956112912,0.2614275721643544,0.41027548130560376,0.5721950346323592,0.6261645627236221,0.39607484407484406,0.40952380952380957,0.3204081632653062
62,0.5509537970551969,0.5529411764705882,0.09785932721712537,0.53125,0.04741379310344828,0.232566757493188,0.28281509310086994,0.705782501454979,0.4744078216171159,0.3762542121165121,0.4714513019070963,0.8075824790966191,0.1626400921457387,0.5252013429216942,0.7002324982370456,0.2810025338850555,0.13706471205273316,0.5333333333333333,0.5089795918367347
63,0.11104663813737578,0.12941176470588234,0.08562691131498468,0.125,0.22448979591836732,0.36626702997275207,0.44589936716940537,0.4639673345712203,0.3827017921644902,0.39602009442298197,0.40885163895201615,0.6195564606039545,0.4182743772902442,0.44771522870955716,0.4858871282898338,0.5231061386276821,0.06772113022113023,0.04761904761904763,0.08816326530612245
64,0.20911003118880103,0.1764705882352941,0.10397553516819569,0.15625,0.042242703533026116,0.4872790969248735,0.6306994484551796,0.5263895542420056,0.6856592108919145,0.27811571875545954,0.3337097742902485,0.5366264420456928,0.4561709631368389,0.6609015866024177,0.330972655741256,0.4799530991574182,0.1794567465834718,0.8666666666666667,0.30775510204081635
65,0.0,0.0,0.06422018348623848,0.0,0.049107142857142856,0.9219534688744497,0.7260310677595889,0.3577840832780832,0.1124965268130036,0.056016893596490897,0.23427161706575395,0.1299133985053118,1.0,0.5690567060946043,0.16437037069030835,0.2724634767283655,0.0728243518467551,0.13333333333333336,0.05795918367346942
66,0.8381808950460578,0.6941176470588235,0.12538226299694188,0.65625,0.1293554006968641,0.22745685740236155,0.9999999999999998,0.5620340603608349,0.7384265691087032,0.5250780453562259,0.3729155718808358,0.6574509740613179,0.27197484982005715,0.5311914734498728,0.45055327907511544,0.6534646271994826,0.47694379353853655,0.761904761904762,0.6975510204081633
67,0.8958439109305868,0.7411764705882352,0.16819571865443417,0.71875,0.044897959183673466,0.3260088914384053,0.9824932546382461,0.7417686124242793,0.3943374256006785,0.17295483834457853,0.38853960344038707,0.5654073858424444,0.4199211436747756,0.5306707639310249,0.5519546456527029,0.3623863343729587,0.1780208373380493,0.9809523809523809,0.8048979591836735
68,0.9999999999999999,0.8352941176470589,0.15290519877675834,0.8125,0.0673469387755102,0.16149474503697936,0.7162683576886704,0.8807065852142482,0.7624708086902446,0.10198470100695638,0.28895255803217745,0.6530809039440635,0.38429113115171676,0.44189840484132503,0.7236619481694206,0.28964458366539375,0.1852081929776977,0.9809523809523809,0.9179591836734694
69,0.521070573728875,0.43529411764705883,0.13761467889908252,0.40625,0.10866261398176293,0.2903455040871934,0.4496241314536866,0.8079705124296759,0.9214747151986665,0.5382489790113172,0.5747912047198988,0.5408822322130462,0.38291577411138267,0.3653270493713827,0.5440112869994518,0.5629310338203444,0.20961459749930683,0.4285714285714286,0.4926530612244898
70,0.11670414158265033,0.09411764705882353,0.11926605504587151,0.09375,0.12087912087912088,0.8776333203581159,0.9237190325950746,0.06389765395391334,0.33864234774209767,0.18768410712670092,0.1960592067822614,0.0,0.980106584182725,0.8747826137385939,0.0,0.16735873213606006,0.13940256045519203,0.10476190476190476,0.28530612244897957
71,0.48241096685283236,0.4,0.04892966360856266,0.40625,0.0873015873015873,0.24081164125456545,0.4648016356045883,0.9668465317256136,0.8518589679166199,0.4182800157038164,0.6200022208837098,0.5971233226706454,0.2905906200121695,0.32892290227241583,0.6539846391929847,0.6218940824460222,0.18819345661450926,0.40952380952380957,0.4326530612244899
72,0.45245521143105816,0.3764705882352941,0.15596330275229353,0.375,0.16176470588235292,0.37901544050862845,0.7333102328889536,0.6917138572488737,0.6074179556049523,0.21088111825285605,0.4500841301846291,0.5303913031373815,0.431950052949853,0.5169401925840234,0.45135563272413215,0.46439502142419914,0.4542600676901948,0.46666666666666673,0.556734693877551
73,0.7789221730615797,0.6470588235294118,0.11009174311926606,0.75,0.06547619047619047,0.13878506170860716,0.7073434739277871,0.8737591924500867,0.8518282243433634,0.4774207892830951,0.5251308067759437,0.8755534957438276,0.1303175817659925,0.33363917867956605,0.6014132185002468,0.7850612422167833,0.2702021921165498,0.8952380952380953,0.6293877551020408
74,0.8776383549720751,0.7294117647058823,0.11009174311926606,0.71875,0.152073732718894,0.22738310626702996,0.6890157386974998,0.7515635248362571,0.8474548485690471,0.5387860564371184,0.6008842009611943,0.6513142280110837,0.16322433979906892,0.4314266950460106,0.6042793606969123,0.6870133016003037,0.4347326049453709,0.8666666666666667,1.0
75,0.014869079567708693,0.011764705882352927,0.0,0.0,0.011224489795918367,1.0,0.48508848946541594,0.43062819451977785,0.18034027309173184,0.0,0.1635414976883613,0.33893872294704797,0.783023323089743,0.7940726569866046,0.18313946633341405,0.10188427970886299,0.13845791580544728,0.9809523809523809,0.07877551020408163
76,0.2075143250888518,0.1764705882352941,0.06422018348623848,0.1875,0.26190476190476186,0.659992214869599,0.5249966782255733,0.7338725003068323,0.2458445798436074,0.16497648442092888,0.23993050868996557,0.27205297050671073,0.7568108896907124,0.6410050395836109,0.2909924023869117,0.21322419091000716,0.3433433433433434,0.12380952380952383,0.2522448979591837
77,0.8667585406542394,0.7176470588235294,0.10397553516819569,0.6875,0.07093253968253968,0.39031445614551885,0.7165501540057009,0.7761167758119232,0.5294225873553465,0.16162630510883486,0.4136580994538972,0.7152919908170043,0.3340254915919667,0.5394536322110564,0.5792404483655276,0.25284788506006045,0.21729291749548332,0.6666666666666666,0.8661224489795919
78,0.0385870747805904,0.03529411764705881,0.0,0.03125,0.0,0.9537738419618529,0.5975325077964,0.2920402266995539,0.14115466101694918,0.042446152300582685,0.184360192940207,0.14084248178315595,0.871085434218672,1.0,0.042758067289505375,0.0,0.0,0.9809523809523809,0.1163265306122449
79,0.9212301443388698,0.9529411764705883,0.29051987767584087,0.875,0.11692176870748298,0.014043712678995901,0.12038409856465537,0.5912718372121959,0.9243318179399717,0.3081350387042834,0.7730606031947248,0.7984320460163385,0.15880268418087606,0.07378302562682881,0.8114079971533792,0.7647215454128484,0.39167602106899235,0.780952380952381,0.5514285714285715
80,0.7041415826503227,0.7411764705882352,0.1437308868501529,0.6875,0.12053571428571429,0.1807801520149147,0.32522866080452895,0.4081718756609396,0.5856789532179992,0.7327465976842377,0.6408102502850253,0.4261919474061755,0.3792293729992222,0.2773638479740579,0.45825624102054663,0.8694200117119457,0.6680384260954089,0.8190476190476191,0.5310204081632653
81,0.15173714368608107,0.18823529411764706,0.09480122324159018,0.15625,0.22916666666666669,0.3895367847411444,0.23232422962009425,0.29685581231776936,0.42420667618399754,0.3245801810044582,0.4004080314995313,0.7343954133604773,0.3816611309194262,0.41937703712316265,0.5342717453322323,0.4196755528042289,0.11378442882022835,0.09523809523809525,0.1702040816326531
82,0.7202437078407194,0.7529411764705882,0.18348623853211,0.75,0.11019163763066203,0.11814713896457768,0.5486278170245855,0.5136213729457086,0.3617531745831274,0.3809209509911315,0.5066279839171914,0.42284446314649116,0.489455152758977,0.28953187410557524,0.5626878031698443,0.6124521910167433,0.5152800767829075,0.761904761904762,0.45020408163265313
83,0.7545513889896279,0.788235294117647,0.13149847094801215,0.71875,0.02619047619047619,0.24663215258855586,0.38876953659292757,0.6443356289665496,0.1628529626285079,0.22305559634146127,0.34679650051642463,0.5946859250163323,0.345101194994196,0.652181321885053,0.5479062596905206,0.3093486066858849,0.13582813582813583,0.8380952380952381,0.516734693877551
84,0.683760063828244,0.7176470588235294,0.11314984709480125,0.6875,0.04835164835164835,0.05945945945945952,0.19783115415307706,0.7358567446974729,0.5922713141037675,0.1974574163310318,0.344914201796754,0.7245087136812847,0.28656264915735763,0.5527922399900831,0.68841095695014,0.17123084285480833,0.2370239557739558,0.6,0.5191836734693878
85,0.04685573366214549,0.08235294117647057,0.08562691131498468,0.0625,0.39285714285714285,0.6064850136239782,0.12073751208214034,0.3348668347975501,0.13542303417615997,0.16744573163503207,0.105775323945491,0.3829786512248923,0.6990319308616373,0.6861886538946003,0.3648451111071218,0.18655031043284925,0.0,0.0,0.04938775510204085
86,0.3959527090737651,0.43529411764705883,0.07951070336391436,0.40625,0.07236842105263157,0.1648,0.10714715590976254,0.6911842141728792,0.5081425395943316,0.572871492982485,0.4402014156957439,0.682450911692736,0.30990605587443776,0.23660529212006232,0.8426540874786914,0.3087830335791781,0.2502222306281089,0.3428571428571429,0.24040816326530612
87,0.12504533255965763,0.16470588235294115,0.09174311926605505,0.15625,0.1636904761904762,0.3892703602785347,0.19170937209344752,0.3922448346969589,0.3126485752215121,0.30620331882691504,0.384802538076496,0.5889523932154181,0.37622265004077216,0.6427414325259413,0.48847348467699514,0.24406156492452952,0.27826269849616153,0.09523809523809525,0.07673469387755105
88,0.8033654892289838,0.8352941176470589,0.11926605504587151,0.8125,0.04365079365079365,0.07886337096146356,0.31071487190977276,0.624278944180283,0.5690771411370884,0.2241870076126405,0.47114965464175873,0.7287827873360178,0.2737647484480892,0.35292547727467793,0.7942666070388604,0.3397468033614203,0.12502362502362502,0.8380952380952381,0.5910204081632653
89,0.6221803147892943,0.6588235294117647,0.14984709480122327,0.59375,0.09977324263038548,0.16129842435730363,0.1912716794630971,0.3452294167191825,0.8344679077521534,0.6508675087044765,0.7062483351655934,0.46546280278464747,0.24854823471787713,0.4459070201024353,0.622352662491297,0.5774077478316375,0.23928995917523643,0.580952380952381,0.5110204081632653
90,0.7715964314209037,0.7999999999999999,0.17125382262996935,0.75,0.05238095238095238,0.17621152487637498,0.36955847755913407,0.6647903342191512,0.3134572703665971,0.389557310103377,0.28284645482428694,0.7772714848133233,0.28139989359825224,0.4819890648668541,0.6307363617152795,0.38724592854272105,0.16685374128211272,0.8380952380952381,0.5318367346938776
91,0.537245231014724,0.5764705882352941,0.15596330275229353,0.5625,0.08805418719211823,0.13802935747560868,0.3753496687596296,0.48959522534514965,0.4965419381727899,0.21037759059043953,0.48300738798140697,0.7567301547952756,0.25579509334260964,0.4057105953085003,0.6748240053259327,0.4288788168254896,0.2671737740230891,0.5333333333333333,0.31265306122448977
92,0.7580329295713353,0.788235294117647,0.09785932721712537,0.75,0.05238095238095238,0.18879019073569486,0.4110426203198805,0.5966677521270405,0.3114658585718255,0.1929675163826297,0.40715817062499593,0.8255991663868165,0.2156116501702603,0.46290387531054655,0.6968697517965412,0.3672650960638609,0.18135295058371984,0.8380952380952381,0.6228571428571429
93,0.9015014143758612,0.8235294117647058,0.15596330275229353,0.8125,0.2329734219269103,0.12363087226289354,0.46679128016085647,0.6080238699998564,0.9387978421047346,0.5435913364743125,0.466748123995103,0.5038387970135576,0.4031996013886521,0.2640091613687745,0.5028435974607648,0.7430700240548622,1.0,0.8,0.7371428571428572
94,0.6218176543120331,0.5764705882352941,0.15290519877675834,0.53125,0.14142857142857143,0.2836283730333128,0.6598216402531323,0.35552932173403096,0.6978092032733106,0.9018991125317061,0.5452881978170471,0.48511766431669767,0.2916150963288069,0.44726296036832114,0.4606154207220243,0.6695756350955502,0.649811935321261,0.6952380952380952,0.5106122448979592
95,0.15906288532675708,0.15294117647058825,0.08868501529051986,0.15625,0.14732142857142858,0.4711800461119262,0.6528522268313999,0.5296634468820818,0.3064900506550965,0.21866950859415862,0.39476850301473376,0.5991588991092678,0.45916517348081554,0.36578293357011704,0.5312736951103518,0.5882108189028392,0.15751875223240863,0.13333333333333336,0.21306122448979592
96,0.6062957858852542,0.5647058823529412,0.17125382262996935,0.5625,0.14965986394557823,0.1961817126010631,0.7224511504828521,0.6552574824073643,0.4341119345537695,0.3869501882036543,0.49117056589847674,0.3086416269758179,0.5286038891922722,0.4198460803345654,0.41863424034823193,0.6621257592530763,0.6673657940848511,0.580952380952381,0.48816326530612253
97,0.7177050844998911,0.6588235294117647,0.11620795107033632,0.65625,0.07366071428571429,0.252273427319038,0.901209125891343,0.5749333159820333,0.2795799759192369,0.2852832162563175,0.36950552377954715,0.4946585304712052,0.4630670297726831,0.5972478986087668,0.4455421446711141,0.38689634671560186,0.20055873180873182,0.7428571428571429,0.6759183673469388
98,0.6226880394574599,0.5764705882352941,0.18042813455657492,0.5625,0.07857142857142857,0.26221675309835635,0.5526575414028403,0.8586368524897345,0.304255102223736,0.1656890274950984,0.2696429607526979,0.426903541587474,0.5491732467419674,0.5677164728061439,0.5267786828453969,0.2910096022027627,0.17715981877831588,0.6,0.6457142857142858
99,0.12120113150068904,0.12941176470588234,0.09174311926605505,0.125,0.19642857142857142,0.4713623978201634,0.45848303029197757,0.5086559691082597,0.3294795429285913,0.20107415045960814,0.20678408336284781,0.2268443376352811,0.7658998742413656,0.7038877662189251,0.22032900006025358,0.3479091564765557,0.1717698483110813,0.0761904761904762,0.16693877551020408
100,0.4190179154275767,0.388235294117647,0.14678899082568797,0.375,0.09304511278195488,0.3094420092406114,0.35912680320245105,0.6198378376424405,0.7468914976382329,0.24495971855149068,0.4459681409313785,0.38913640090657764,0.4318614818765836,0.7454873129845234,0.3933413282424574,0.3753709027845797,0.22004158004158006,0.3428571428571429,0.4530612244897959
101,0.09501704504243128,0.10588235294117643,0.09785932721712537,0.09375,0.5499999999999999,0.6353628932375526,0.49646281353465005,0.43372351119766805,0.07527817070398335,0.22227775109252557,0.270320525115615,0.0454058996515041,0.8074676792167428,0.8605177730259079,0.17876308043134737,0.17285238799661878,0.21283783783783783,0.028571428571428574,0.20571428571428574
102,0.3792703271197504,0.3529411764705882,0.11009174311926606,0.34375,0.14864864864864866,0.227965274697421,0.5316438623999553,0.7838317213092039,0.5177092150920476,0.4956176160773838,0.5703920852678588,0.5597073301492166,0.2531821374347758,0.5311318948737731,0.5324580168663013,0.5261426626511996,0.45550008607333453,0.33333333333333337,0.3620408163265306
103,0.1332414593457605,0.1411764705882353,0.01834862385321101,0.15625,0.1813186813186813,0.4420621253405994,0.5468706800649243,0.5791647036000334,0.19372186718532924,0.20372274355237974,0.5036197496870001,0.38232001418472517,0.5635812863545779,0.45077572418374734,0.48346712734990493,0.43296082326839275,0.1735764891104697,0.10476190476190476,0.16163265306122454
104,0.7345325306448103,0.6823529411764706,0.10703363914373076,0.6875,0.06984126984126984,0.16515792301492882,0.7557410554916684,0.6856621256235136,0.4072659071964435,0.22293563948379413,0.40731097781574466,0.651361976844824,0.3542476107799901,0.4991143450708746,0.5463502200468062,0.39832921679978855,0.3733637251709541,0.8380952380952381,0.673469387755102
105,0.7444694277217668,0.6823529411764706,0.1406727828746177,0.6875,0.171875,0.21270292052039763,0.5770884860895169,0.6021594188359938,0.6738961135526692,0.42813671682561966,0.42585990119038175,0.5552093791951,0.3405455722633204,0.4640681599920402,0.5131037826889568,0.6232525549649977,0.4899783960142851,0.7428571428571429,0.9081632653061226
106,0.7208239646043374,0.6588235294117647,0.21712538226299694,0.65625,0.0742063492063492,0.3091671602890653,0.7602720989185345,0.6586975198485618,0.2629665647865148,0.10163937980991629,0.15154416760957706,0.6168900949795553,0.5090377835801032,0.5472067510183605,0.5321230820175467,0.20520787012855807,0.3563796354494029,0.8380952380952381,0.64
107,0.48886632334808144,0.45882352941176474,0.01834862385321101,0.4375,0.08571428571428572,0.38693355690630893,0.6859569405846282,0.6029986420197877,0.19752615576976507,0.15883146808151077,0.30283244031075696,0.4317919834960344,0.5757817741066167,0.4689826897633371,0.5287384392861174,0.34459030689883136,0.32164998581790183,0.5047619047619047,0.4738775510204082
108,0.4214840066729527,0.4,0.11620795107033632,0.40625,0.06395348837209303,0.24847817264768968,0.5624722804368081,0.5313700504923342,0.6274718745750888,0.23329074731120164,0.4701073734451371,0.5009076727463737,0.42483930483398824,0.3921085502534578,0.6399551792998819,0.47484637791711065,0.21527246692809607,0.39047619047619053,0.33510204081632655
109,0.4622470443171103,0.43529411764705883,0.06422018348623848,0.4375,0.14824797843665768,0.37416893732970025,0.5619710758120111,0.5267300390765735,0.4321575437621562,0.16744573163503207,0.2111623171337691,0.6950408808560591,0.4171851352206857,0.691437037392483,0.3306075119611547,0.34869807520643886,0.4092864977360295,0.4857142857142858,0.44163265306122457
110,0.8163487343149344,0.8588235294117647,0.15290519877675834,0.84375,0.16682974559686886,0.020898548887903212,0.35851606929963675,0.5714741013773801,0.6197740651472955,0.3658736569707329,0.5575308406398486,0.7206036343860223,0.2753233520641549,0.0629240976387968,0.767426349374194,0.7584962722429249,0.668663052954778,0.6761904761904762,0.5302040816326531
111,0.5928773482265902,0.6352941176470588,0.12538226299694188,0.71875,0.150352733686067,0.12097767294318595,0.4256528166527891,0.4669317547726821,0.47863627126938246,1.0,1.0,0.5307602270950598,0.09888385802110555,0.07070172052931989,0.7416239165564487,0.9191459678954341,0.7963642930235358,0.7523809523809524,0.3902040816326531
112,0.08711104663813737,0.11764705882352938,0.00917431192660545,0.125,0.9821428571428571,0.40756308494254234,0.3571571863658747,0.6302004195640727,0.0,0.11021787736381623,0.3983371917637403,0.49867401124702115,0.6330163614491515,0.3880246030589003,0.47432132372943636,0.3247863546001139,0.14639409112285265,0.0,0.05591836734693878
113,0.8011895263654166,0.8352941176470589,0.10397553516819569,0.78125,0.12016806722689076,0.0795406773063449,0.5045032839973842,0.5469605129971509,0.43183002222839684,0.4469890857027349,0.5292942806022827,0.6950525924857762,0.201581163890872,0.39261442218998965,0.6039369396417771,0.6723960680885055,0.49383522495304977,0.7904761904761906,0.6028571428571429
114,0.7398999057082759,0.7764705882352941,0.14678899082568797,0.78125,0.05238095238095238,0.207928810402511,0.5678812560208708,0.5204095199639931,0.15644245412755298,0.089042194092827,0.2543787907849029,0.616033357520261,0.4188474388442258,0.6682368497169535,0.5107023557058523,0.19178338701220882,0.25427027027027027,0.8380952380952381,0.5755102040816327
115,0.1342569086820918,0.16470588235294115,0.06422018348623848,0.21875,0.03571428571428571,0.21297002724795644,0.608927713846285,0.515828219095686,0.1816399617177611,0.10874863367433397,0.25486573553954583,0.6389665539424418,0.4460172234102595,0.5877468644322859,0.537121117087032,0.24557523401168907,0.07252891837070337,0.08571428571428573,0.05959183673469387
116,0.35642271705229556,0.388235294117647,0.23241590214067276,0.375,0.14404761904761904,0.1804004264897524,0.3578137253114002,0.4857719340313218,0.5033863573214782,0.31540457174013264,0.49643377056166893,0.4946889371522307,0.413908465586311,0.6345052126738908,0.3754272794112594,0.47498079305688296,0.16650410596859958,0.2666666666666667,0.3583673469387756
117,0.30579531442663377,0.3411764705882353,0.055045871559632975,0.3125,0.2037037037037037,0.1718801089918256,0.38010478569995665,0.6462685897461276,0.2817159859220154,0.28600276475212094,0.583823897376909,0.782239723781889,0.24553354777571723,0.12348402259555868,0.8281972112788454,0.5617523857975977,0.40835696510214714,0.23809523809523814,0.22897959183673466
118,0.2661202582142598,0.30588235294117644,0.04281345565749234,0.28125,0.24175824175824176,0.27813037099140636,0.4054380503599042,0.4975792990093353,0.181360028782924,0.22995311565732485,0.2717327978238636,0.9271486296749096,0.2650700568684994,0.3181624477331666,0.6080145652823941,0.600510498288563,0.4308042982741778,0.2285714285714286,0.26693877551020406
119,0.5534924203960252,0.5882352941176471,0.08868501529051986,0.96875,0.07857142857142857,0.023625275723368366,0.4117437101224237,0.6029986420197877,0.5632285423199567,0.2654214210458579,0.5936969035866501,1.0000000000000002,0.06710721184420487,0.12335808532371306,0.8549163508327791,0.6209504463280966,0.6038535519838295,0.8380952380952381,0.33387755102040817
120,0.5163559875244795,0.5529411764705882,0.1620795107033639,0.53125,0.10476190476190476,0.20285558583106267,0.3230828150931009,0.41034097312677265,0.5453708205983144,0.6645441839479147,0.6164925167310934,0.37066040531839906,0.44855712918783297,0.2455495169476105,0.6093024588754514,0.6541383653501216,0.3485064011379801,0.5523809523809524,0.49469387755102046
121,0.7614419380575904,0.7999999999999999,0.12844036697247707,0.78125,0.039285714285714285,0.1518619436875568,0.4907344928135329,0.4849323729960042,0.3652137596520296,0.18306560759332358,0.30660497317116586,0.6469056178050894,0.43712920892915497,0.38669369941105414,0.6781501943416042,0.33276480140174663,0.0956915881090725,0.8380952380952381,0.5722448979591837
122,0.7326466961630521,0.7647058823529411,0.08256880733944949,0.78125,0.06984126984126984,0.25916579333473067,0.5587651456380143,0.5812272559632812,0.03565493620022653,0.0857066856781978,0.328650145114743,0.7518201370481223,0.3462186336132076,0.16640059243531713,0.9129635747159637,0.4073721353913224,0.27922846925016126,0.8380952380952381,0.5979591836734695
123,0.5464568071371582,0.5882352941176471,0.045871559633027525,0.5625,0.05513784461152882,0.13139224082003376,0.36380594584595816,0.5505072300239,0.4353391815186759,0.12857178941030678,0.5952446997581204,0.7135904130224249,0.24416321870036883,0.45742017501938914,0.6187121589745104,0.5124671754053587,0.12231501741193875,0.5238095238095238,0.37306122448979595
124,0.8053238558061943,0.8470588235294118,0.10703363914373076,0.875,0.0742063492063492,0.10810706844045515,0.3313436198253308,0.6520685152369294,0.41381633787163097,0.31230518310353056,0.5501749417522966,0.861452840204181,0.13609744984117578,0.24989229058119555,0.8876699802510779,0.4217742291771213,0.24764202447926958,0.8380952380952381,0.7179591836734694
125,0.8582722854863277,0.7294117647058823,0.10703363914373076,0.6875,0.12306368330464716,0.186166757493188,0.4759994893585979,0.8341878446914062,0.9430911364267852,0.290895108333364,0.41761970569021223,0.6079132610892064,0.5094885257279467,0.20747194385514156,0.4592181593436837,0.79000520339064,0.43694611108053066,0.7714285714285715,0.6591836734693878
126,0.7060999492275332,0.6,0.18654434250764518,0.5625,0.1484126984126984,0.34957425068119885,0.5970606204293036,0.42331309065210765,0.989128382015838,0.7669438830509043,0.8322978922197498,0.3524336643081385,0.29652256682570055,0.3153500897103121,0.5487976305208035,0.8303246827801394,0.4823845768196527,0.8380952380952381,0.6253061224489797
127,0.8484804526002755,0.7294117647058823,0.33333333333333326,0.71875,0.15008025682182985,0.16492643051771116,0.7365316506483321,0.6423246404123826,0.8500750208391222,0.5235630462272278,0.6705112325386813,0.5129272664843219,0.22807764502828176,0.430685369306707,0.5353562017789146,0.7517090855749493,0.621386781568119,0.8285714285714286,0.7375510204081633
128,0.809240588960615,0.6941176470588235,0.17125382262996935,0.65625,0.051401869158878497,0.45108083560399637,0.7026060948698776,0.6092053968165989,0.44183762464882226,0.3302756422850391,0.2955220831680142,0.4687150523600443,0.3873155178245469,0.5936331900516794,0.628285143301416,0.31639449191183583,0.30093674393597886,1.0000000000000002,0.7240816326530614
129,0.17487488213534488,0.15294117647058825,0.08562691131498468,0.15625,0.3535714285714286,0.4719094529448753,0.35549058750415585,0.6637293504932007,0.7562023104708574,0.10208365185392161,0.22555189200544357,0.2891305538995099,0.7990196966542835,0.5809761613831101,0.19908056402723084,0.44149939740922,0.3127413127413128,0.0761904761904762,0.2171428571428572
130,0.3799956480742728,0.32941176470588235,0.4311926605504587,0.3125,0.15959821428571427,0.3586734897321725,0.2528475597523834,0.6851094664536981,1.0,0.5164467756120066,0.3635080047052319,0.3100858346868012,0.5293000529289356,0.6609808711946332,0.2669091996548483,0.5524269252693483,0.4887028258326664,0.28571428571428575,0.3738775510204082
131,0.3152970189308769,0.27058823529411763,0.11620795107033632,0.25,0.2438423645320197,0.2972570390554041,0.3276129338172269,0.7933391224553268,0.9622329505109445,0.4805433965837446,0.6726655688358905,0.6507251106434542,0.29105920886601977,0.2824319298845146,0.6100680594046217,0.5124302360183568,0.5798392987582177,0.2571428571428572,0.2612244897959184
132,0.5510988612461014,0.47058823529411764,0.18654434250764518,0.46875,0.12276785714285714,0.37506349287954355,0.5353146036214937,0.8424622685956225,0.538892485858231,0.3468814797118578,0.49038332240411175,0.5824208303412985,0.37577852462430705,0.32271210909517745,0.6451278812472843,0.47623917904225704,0.48218129634058843,0.5904761904761905,0.6257142857142858
133,0.8320156669326176,0.7058823529411764,0.1437308868501529,0.75,0.06975967957276367,0.29610242245530216,0.5839059520451764,0.6854379495675686,0.809264940413433,0.5153070253129688,0.5608581902760188,0.6054758448125861,0.35832812361285926,0.11595067361751621,0.6809630338555395,0.7749077728469478,0.41369174805349124,1.0000000000000002,0.7155102040816327
134,0.6912308696598244,0.5882352941176471,0.18654434250764518,0.5625,0.15520282186948853,0.32735954327234984,0.5382994078122925,0.6715685045369386,0.8112091321663427,0.5209846428540612,0.5433512511272983,0.4743933418883124,0.29104235059853645,0.5467755604075575,0.5062765022622415,0.5610350411471672,0.5606035483336098,0.7523809523809524,0.8546938775510206
135,0.8481903242184666,0.7294117647058823,0.13149847094801215,0.6875,0.051401869158878497,0.30222997275204355,0.6419025039665895,0.7046901126107401,0.643954802259887,0.20208628905182485,0.43502966788375264,0.6373826613346985,0.39729946847774666,0.351422790719365,0.6094485374815453,0.5145656532827123,0.2586903623881116,1.0000000000000002,0.6726530612244898
136,0.7810256038296945,0.6705882352941176,0.11926605504587151,0.65625,0.055073431241655535,0.5031280653950952,0.7538755337635574,0.5408601597111422,0.3679633231453182,0.21839589778859525,0.3242077648033437,0.32702436518518074,0.6020925660913163,0.38745779570034644,0.6304028558257821,0.4141167869634345,0.19770718585884464,1.0000000000000002,0.6906122448979591
137,0.4209037499093349,0.3647058823529411,0.1223241590214067,0.375,0.08017492711370262,0.23926182809016594,0.7113002621182003,0.550861901726575,0.8531418133825054,0.5288869313701353,0.6641006105946543,0.673118417802735,0.21590886213870553,0.1899969750574595,0.7038533405683296,0.8305900952833902,0.2471095836679804,0.4476190476190477,0.2477551020408163
138,0.8214985130920432,0.7058823529411764,0.11314984709480125,0.75,0.055073431241655535,0.3368892538539061,0.408493135695458,0.8397055646817329,0.6953053930505811,0.25874807324022603,0.6475828618653171,0.6678249289825626,0.23394958207176408,0.37629388008272047,0.71411494633087,0.4692756267687013,0.2111100029919218,1.0000000000000002,0.7632653061224489
139,0.12548052513237104,0.11764705882352938,0.14984709480122327,0.09375,0.44897959183673464,0.5279469257197015,0.3164517717432933,0.5317558913085654,0.6906432342317311,0.24589418926089918,0.41198734726844244,0.19105341506144802,0.7568311841528601,0.6360383766553337,0.1452115122742217,0.47107774195956736,0.34687233717144794,0.04761904761904763,0.16204081632653067
140,0.7987959672154928,0.8117647058823529,0.16819571865443417,0.75,0.1506849315068493,0.07096697016016479,0.26573814148770136,0.5590366519467651,0.8086794943039736,0.35620639877936316,0.5141421104245827,0.8432281430335065,0.1858591291415599,0.18509917577118395,0.6813283298663977,0.8009119903028052,0.5898737165112712,0.6761904761904762,0.4983673469387755
141,0.7684775513164575,0.7764705882352941,0.15290519877675834,0.71875,0.10476190476190476,0.11742696512951406,0.385911930055979,0.478926399296699,0.7186186563778266,0.6766437127902133,0.7980754700710987,0.678711678396575,0.14997080879363578,0.19547207952087664,0.6757337021804692,0.72439674230904,0.6946270970322774,0.8380952380952381,0.5395918367346939
142,0.202074417929934,0.22352941176470587,0.06727828746177367,0.21875,0.18333333333333332,0.24319482288828342,0.412552659894589,0.42238207743258616,0.5628386357321479,0.5217093403446807,0.772659978709103,0.5887940951520882,0.2160943331614722,0.4826316146732892,0.5094780474889542,0.5914235303589359,0.278913859257073,0.12380952380952383,0.18040816326530618
143,0.844055994777689,0.8470588235294118,0.12844036697247707,0.8125,0.11833046471600689,0.038049687449911884,0.4798604532907942,0.6226265913066444,0.6122558553846656,0.4736780488705737,0.594223122025755,0.6140235830786069,0.17653751235939819,0.3984398482632918,0.7168258979920683,0.5670804962083016,0.4769554882101777,0.7714285714285715,0.636326530612245
144,0.7111046638137375,0.7176470588235294,0.39449541284403666,0.6875,0.035256410256410256,0.19041755652109876,0.4402537237144133,0.7479347540318082,0.25678304033402677,0.18432378627786472,0.24939988984911732,0.693629330119572,0.2957392604731064,0.7092297635108653,0.5700915855090665,0.21825274336616102,0.1603442007029451,0.7238095238095238,0.5673469387755102
145,0.8473199390730398,0.8588235294117647,0.07339449541284404,0.8125,0.039783001808318265,0.038981053165198676,0.181525384264017,1.0,0.4720085359628321,0.009785878203709346,0.22132151149893797,0.8673869269794674,0.3031486890680992,0.3673907697399179,0.8335848152987517,0.2375269482716002,0.11010548654890456,0.7333333333333334,0.7175510204081633
146,0.37216218176543114,0.388235294117647,0.1620795107033639,0.375,0.15433673469387754,0.21956640208506106,0.0,0.6690601017701943,0.7767956376771327,0.3697397399696357,0.4063442884753393,0.7147034858851324,0.40889552358418735,0.18642747338632537,0.6129609031355163,0.6472974194886962,0.3346220552102905,0.24761904761904768,0.2677551020408163
147,0.11467324290998768,0.1411764705882353,0.030581039755351647,0.125,0.5051020408163266,0.3358604904632152,0.31734466470920797,0.6006152481778124,0.2644665184773548,0.10282989005283678,0.4534746419666261,0.5080446917092918,0.5211741648940613,0.3098016514038675,0.7091826316845304,0.2464299988062692,0.27934966216216217,0.04761904761904763,0.07510204081632654
148,0.31109015739464707,0.32941176470588235,0.1009174311926605,0.3125,0.12627551020408165,0.2083445205024258,0.3191419801054467,0.6000920641637202,0.5230966935259794,0.19519497294794658,0.679800099175656,0.93042433906136,0.16501690314507123,0.037830372373995225,1.0,0.3929217128457609,0.1917252373016448,0.24761904761904768,0.2661224489795918
149,0.8794516573583809,0.8823529411764705,0.14984709480122327,0.875,0.06547619047619047,0.04271984146643548,0.22568526252439236,0.6561510330979332,0.837882287377807,0.3147788018074282,0.616591488084864,0.7564304456287056,0.1783999157223808,0.17179109982607743,0.9069778797551784,0.5325480807249507,0.2933286034188413,0.8380952380952381,0.6522448979591837
150,0.626097047943715,0.6352941176470588,0.13455657492354733,0.59375,0.1198547215496368,0.1730594981495791,0.11643277239901573,0.5652022844511475,0.8374434440744319,0.73342362970298,0.5718157806768517,0.4812507609857575,0.23399611319784697,0.4137057155389794,0.713377455389957,0.5397155828816935,0.3565950356521526,0.5428571428571428,0.5575510204081633
151,0.857764560818162,0.8705882352941176,0.2415902140672782,0.8125,0.05674603174603174,0.12468664850136241,0.23996121137724158,0.8262705938830046,0.44378267590294884,0.31439501441065115,0.4876623472957683,0.6802502499197443,0.2140235684937446,0.5837160796181347,0.6719550339645473,0.23263001077338313,0.2802009671839885,0.8380952380952381,0.5946938775510204
152,0.8148255603104374,0.8235294117647058,0.12844036697247707,0.78125,0.06547619047619047,0.2349049604412199,0.45551146647026175,0.630996340765885,0.2616569361636599,0.25748072063875177,0.34588986757442786,0.5644161435364226,0.38023027482307103,0.33478281717370484,0.7633778590548441,0.47342188651695466,0.2703156747675857,0.8380952380952381,0.6289795918367347
153,0.8547907449046203,0.8588235294117647,0.09785932721712537,0.9375,0.0742063492063492,0.05970977758063495,0.26756252282299875,0.6615442174985451,0.7553527465639681,0.2655849558832699,0.7028168672520717,0.8326968171577531,0.0,0.4803253356586863,0.7576379349873412,0.5057276479354511,0.27742311276794035,0.8380952380952381,0.6040816326530613
154,0.8230216870965402,0.8470588235294118,0.15290519877675834,0.8125,0.1746031746031746,0.029794518352300015,0.44219828978041353,0.4761179698440361,0.7162921072847034,0.3289602442866966,0.4993331898558412,0.4930671952902099,0.48557386773196587,0.25730807305715997,0.4703731531159794,0.7375063805045841,0.7194518462124097,0.7523809523809524,0.6714285714285714
155,0.7156741858272285,0.7411764705882352,0.9999999999999999,0.71875,0.10963455149501661,0.1553276925283235,0.46311911670555683,0.3768114303717891,0.583955155671897,0.43958231461662417,0.7655094516548387,0.5180060212518207,0.32504341183420493,0.29117192618959065,0.5634629747468427,0.7181548542568852,0.36486486486486486,0.8,0.6171428571428572
156,0.21128599405236817,0.24705882352941178,0.03975535168195715,0.21875,0.25535714285714284,0.3797467542875461,0.5727723000640448,0.23672708836326706,0.15584496510468593,0.5209846428540612,0.3899362689960627,0.6699305120629402,0.25112197319866514,0.43675627661281524,0.6408463704801324,0.5201813884946005,0.38998507710164154,0.17142857142857143,0.25591836734693885
157,0.7642706897802277,0.788235294117647,0.18654434250764518,0.75,0.18684668989547037,0.11079836512261582,0.5495887512994,0.47489122301360776,0.46458217560433457,0.5036429325779904,0.4423605660627645,0.5876507435213465,0.32582608719313644,0.4752500977055121,0.47807639278454017,0.5391920188711179,0.7002890081620986,0.761904761904762,0.6991836734693878
158,0.5569739609777326,0.5882352941176471,0.11314984709480125,0.5625,0.07295918367346939,0.32284416763980794,0.5052223504615312,0.3968161588647692,0.19515672342846557,0.22781736203929376,0.2495949114290541,0.4424349941147119,0.5160283906184655,0.5637567976889204,0.5513931633942302,0.3210287130421757,0.17273795534665098,0.6476190476190476,0.5020408163265306
159,0.5130195111336766,0.5411764705882353,0.08562691131498468,0.53125,0.19642857142857142,0.18918394679721057,0.3355470400572216,0.5585624856439744,0.4566716978821801,0.10680831049965951,0.29301936766086,0.5436964959999331,0.6336308362538543,0.2873250290091418,0.4676216109622118,0.5229599280309536,0.3991737551205134,0.43809523809523815,0.6077551020408164
160,0.3744106767244505,0.4,0.3700305810397553,0.375,0.2167487684729064,0.21902255203200183,0.3401430494371498,0.4489654761687152,0.5570895875331799,0.4850688593424128,0.387139777839667,0.6232795889323819,0.2894441753533967,0.5377556659737897,0.5492991233903919,0.4136974216148271,0.5279248584188959,0.2571428571428572,0.37591836734693884
161,0.06513382171610935,0.09411764705882353,0.13761467889908252,0.125,0.21825396825396826,0.33217594394706107,0.6576644408606913,0.43701228516792656,0.05479035181730374,0.3006767302777132,0.3631786391517209,0.4356434161381144,0.42886243564705984,0.7101142457061771,0.5029686395797905,0.17345027614946512,0.31961346821682013,0.06666666666666667,0.022448979591836726
162,0.2816421266410386,0.3176470588235294,0.41896024464831805,0.28125,0.25,0.24663215258855586,0.4370908029836049,0.4071134606324307,0.34667442345095856,0.38386319576429123,0.2870660443705645,0.7951908433047923,0.36550480200177304,0.35121593263560547,0.4748654233287286,0.5856514512403719,0.5929054054054055,0.19047619047619052,0.29714285714285715
163,0.2698919271777761,0.30588235294117644,0.3027522935779816,0.28125,0.23852040816326528,0.3146007126388597,0.41550498085796184,0.26153163965984416,0.41062510241448835,0.28766947876305893,0.5559889217018273,0.5710200789544759,0.4271040888055233,0.4239050085936995,0.5092737007474044,0.3960854514637054,0.3231727531275627,0.24761904761904768,0.28938775510204084
164,0.6524987306883295,0.6823529411764706,0.08256880733944949,0.78125,0.08293650793650793,0.14352227808266493,0.658758232101929,0.3499728521058454,0.3975786505641239,0.2654801064012788,0.39439277845379606,0.8976090272527733,0.18739525008834734,0.3677006693075424,0.6257658028817006,0.6611805193385587,0.2654794005142033,0.8380952380952381,0.536734693877551
165,0.5908464495539276,0.6235294117647059,0.11620795107033632,0.59375,0.20608899297423888,0.15349021550656428,0.24799266533258857,0.42920950770907806,0.7203963432603334,0.6102950146968615,0.5356514827933472,0.7799159672345339,0.1237216010615585,0.26923006579042985,0.7142969690009111,0.6454315780644873,0.7815684536996013,0.5619047619047619,0.6281632653061224
166,0.7302531370131282,0.7529411764705882,0.10703363914373076,0.71875,0.06547619047619047,0.1959757953218444,0.4996005581054732,0.41960112885479406,0.44257017641985696,0.33320465005029165,0.4114778212048389,0.73618307916159,0.27355246099556574,0.35739698764766636,0.7568048954416933,0.3710805177969006,0.24649207587596214,0.8380952380952381,0.6044897959183674
167,0.6551098861246101,0.6823529411764706,0.17125382262996935,0.6875,0.030555555555555555,0.40047894999424327,0.5230673520083904,0.43137750093387983,0.026695110926744037,0.17906795304873258,0.25649684569559295,0.4041305733141445,0.49243155392492755,0.5559247418607867,0.665683685043803,0.2683323213576733,0.12540730120738888,0.8380952380952381,0.5881632653061225
168,0.6907231449916588,0.7176470588235294,0.08256880733944949,0.75,0.06111111111111111,0.22193975992341108,0.4745357032483397,0.4467897212957215,0.371415577149809,0.46208800379662224,0.4883541660825491,0.6630688291452855,0.17966942190191437,0.6312759625798754,0.545542741988942,0.48408559636788356,0.2433467069792038,0.8380952380952381,0.6167346938775511
169,0.1107565097555668,0.1411764705882353,0.09785932721712537,0.125,0.8839285714285714,0.531574931880109,0.5939839147958348,0.0,0.21206307307585437,0.20663809661924393,0.23674726638024135,0.21201393864178897,0.8560692307197977,0.49982379567845925,0.29605237916244276,0.3047469059306566,0.351130180917415,0.01904761904761905,0.1559183673469388
