,Class,Total distance [yd],Distance / min [yd/min],Maximum speed [mph],Average speed [mph],Sprints,Distance in Speed zone 2 [yd] (0.10 - 2.59 mph),Distance in Speed zone 3 [yd] (2.60 - 5.13 mph),Distance in Speed zone 4 [yd] (5.14 - 8.38 mph),Distance in Speed zone 5 [yd] (8.39- mph),Number of accelerations (-50.00 - -3.00 m/s),Number of accelerations (-2.99 - -2.00 m/s),Number of accelerations (-1.99 - -1.00 m/s),Number of accelerations (-0.99 - -0.50 m/s),Number of accelerations (0.50 - 0.99 m/s),Number of accelerations (1.00 - 1.99 m/s),Number of accelerations (2.00 - 2.99 m/s),Number of accelerations (3.00 - 50.00 m/s),Min Played,Total accelerations
0,Forward,15935,98,18.7,3.5,0.37373737373737376,0.10009413241292751,0.2918732350172576,0.3339190461248823,0.2739880765610292,0.01134453781512605,0.030252100840336135,0.1676470588235294,0.32016806722689073,0.24915966386554622,0.1634453781512605,0.05,0.007983193277310924,99,2380.0
2,Forward,11568,71,18.3,2.6,0.24390243902439024,0.12655601659751037,0.30108921161825725,0.3286652835408022,0.24334370677731673,0.013636363636363636,0.05505050505050505,0.15252525252525254,0.30353535353535355,0.25252525252525254,0.16818181818181818,0.04898989898989899,0.005555555555555556,82,1980.0
3,Defender,11981,74,16.4,2.7,0.2911392405063291,0.1254486269927385,0.3129955763291879,0.3136633002253568,0.24780903096569568,0.011590171534538712,0.04357904496986555,0.16318961520630507,0.27352804821511356,0.2999536393138618,0.16689847009735745,0.03569772832637923,0.005563282336578581,79,2157.0
4,Defender,3133,19,16.3,0.7,1.2857142857142858,0.21800191509735078,0.24992020427705075,0.33003511011809766,0.2004468560485158,0.007709251101321586,0.02753303964757709,0.1420704845814978,0.3579295154185022,0.3039647577092511,0.1299559471365639,0.023127753303964757,0.007709251101321586,7,908.0
5,Midfielder,13265,81,17.9,2.9,0.20652173913043478,0.1131549189596683,0.3791933660007539,0.3447418017338862,0.16268375424048248,0.012641083521444696,0.037923250564334085,0.14988713318284425,0.3029345372460497,0.28397291196388263,0.1711060948081264,0.035214446952595936,0.006320541760722348,92,2215.0
6,Defender,14813,91,18.8,3.2,0.11214953271028037,0.158576925673395,0.33733882400594073,0.3619118341996895,0.14203739958144873,0.0039016777214202106,0.026921576277799453,0.16777214202106905,0.30472103004291845,0.3055013655872025,0.16504096761607492,0.023800234100663287,0.0023410066328521262,107,2563.0
7,Defender,13634,84,17.9,3.0,0.2087912087912088,0.130996039313481,0.28531612146105323,0.398122341205809,0.1853454598797125,0.0028308563340410475,0.02724699221514508,0.1624203821656051,0.3237791932059448,0.28803963198867655,0.16100495399858458,0.030077848549186128,0.0046001415428167025,91,2826.0
9,Midfielder,8655,53,17.4,1.9,0.36363636363636365,0.1285961871750433,0.267475447718082,0.3734257654534951,0.23015597920277298,0.009404388714733543,0.038662486938349006,0.16248693834900732,0.31400208986415884,0.2831765935214211,0.15047021943573669,0.038662486938349006,0.003134796238244514,44,1914.0
10,Forward,3146,19,15.9,0.7,0.6666666666666666,0.2031150667514304,0.2835346471710108,0.3305785123966942,0.18086458995549903,0.004761904761904762,0.025,0.1380952380952381,0.3761904761904762,0.30238095238095236,0.13214285714285715,0.01904761904761905,0.002380952380952381,6,840.0
11,Midfielder,6200,38,16.4,1.4,0.32142857142857145,0.1382258064516129,0.25725806451612904,0.39225806451612905,0.2114516129032258,0.00975609756097561,0.04715447154471545,0.15365853658536585,0.3130081300813008,0.2658536585365854,0.16504065040650406,0.03902439024390244,0.0065040650406504065,28,1230.0
12,Defender,4409,27,15.8,1.0,0.6,0.17804490814243593,0.3095940122476752,0.3216148786572919,0.19006577455205262,0.011839708561020037,0.020036429872495445,0.15664845173041894,0.3460837887067395,0.2923497267759563,0.13114754098360656,0.031876138433515486,0.010018214936247723,20,1098.0
13,Midfielder,14959,92,18.5,3.3,0.21,0.10709272010161107,0.3072397887559329,0.36132094391336317,0.22421284845243666,0.008507347254447023,0.04331013147718484,0.16705336426914152,0.29040989945862333,0.27842227378190254,0.17092034029389017,0.03789636504253674,0.0034802784222737818,100,2586.0
15,Midfielder,13791,85,20.3,3.0,0.29473684210526313,0.12856210572112248,0.30483648756435355,0.33579870930316874,0.23058516423754621,0.009676343009676344,0.04371037704371038,0.1748415081748415,0.28862195528862195,0.2809476142809476,0.15015015015015015,0.04537871204537871,0.00667334000667334,95,2997.0
17,Defender,7570,47,17.0,1.7,0.24444444444444444,0.15640686922060767,0.2877146631439894,0.3484808454425363,0.207001321003963,0.004908835904628331,0.03716690042075736,0.15918653576437589,0.3246844319775596,0.2791023842917251,0.16129032258064516,0.02664796633941094,0.0070126227208976155,45,1426.0
18,Defender,14652,90,18.0,3.2,0.17757009345794392,0.15854490854490855,0.31483756483756486,0.36698061698061696,0.15956865956865957,0.009364026531408505,0.03238392508778775,0.16269996098322279,0.3058915333593445,0.25634022629730785,0.1943035505267265,0.035115099492781895,0.0039016777214202106,107,2563.0
19,Forward,10953,67,19.6,2.4,0.2916666666666667,0.13831826896740618,0.31671688121975716,0.3319638455217749,0.2126358075413129,0.00673924313115604,0.03784344219803007,0.16744427164333853,0.3011923276308968,0.272680145152929,0.16277864178330742,0.04406428201140487,0.007257646448937273,72,1929.0
23,Forward,12121,69,18.9,2.5,0.4153846153846154,0.1315073013777741,0.3211781206171108,0.34246349311112945,0.2044385776751093,0.00594421582075903,0.029721079103795154,0.1700960219478738,0.31641518061271146,0.27343392775491543,0.15089163237311384,0.04663923182441701,0.006858710562414266,65,2187.0
24,Midfielder,5213,30,14.0,1.1,0.5294117647058824,0.27393055821983503,0.2633800115096873,0.3238058699405333,0.13773259159792825,0.006202618883528601,0.02343211578221916,0.14610613370089592,0.3459682977257064,0.3177119228118539,0.13921433494141972,0.016540317022742935,0.004824259131633356,17,1451.0
25,Forward,9450,54,18.5,2.0,0.3333333333333333,0.16613756613756614,0.3143915343915344,0.30328042328042326,0.21576719576719577,0.014084507042253521,0.0390032502708559,0.1570964247020585,0.3028169014084507,0.2843986998916576,0.15872156013001085,0.035211267605633804,0.00866738894907909,57,1846.0
26,Defender,7095,41,16.1,1.5,0.5757575757575758,0.1715292459478506,0.3190979563072586,0.3293868921775899,0.17942212825933757,0.006221719457013574,0.035633484162895926,0.1668552036199095,0.31165158371040724,0.27828054298642535,0.15554298642533937,0.03959276018099547,0.006221719457013574,33,1768.0
27,Defender,3622,21,13.5,0.8,0.8333333333333334,0.22943125345113197,0.3003865267807841,0.2992821645499724,0.1695196024295969,0.0074142724745134385,0.03151065801668211,0.1334569045412419,0.35588507877664505,0.3076923076923077,0.13067655236329936,0.030583873957367932,0.0027803521779425394,6,1079.0
28,Midfielder,12161,70,16.5,2.5,0.34615384615384615,0.1581284433845901,0.3564673957733739,0.33015377024915715,0.15500370035358935,0.008037225042301184,0.03003384094754653,0.1484771573604061,0.3422165820642978,0.2880710659898477,0.1383248730964467,0.03764805414551607,0.0071912013536379014,78,2364.0
29,Defender,13046,75,17.7,2.8,0.1,0.17622259696458684,0.37766365169400584,0.3301395063621033,0.11574428943737544,0.00561377245508982,0.02133233532934132,0.14296407185628743,0.3323353293413174,0.32672155688622756,0.14820359281437126,0.019835329341317365,0.0029940119760479044,90,2672.0
30,Defender,10549,60,17.9,2.2,0.14035087719298245,0.16655607166556072,0.32410655038392266,0.3669542136695421,0.14190918570480615,0.003826530612244898,0.01403061224489796,0.1564625850340136,0.34523809523809523,0.3052721088435374,0.14710884353741496,0.025085034013605442,0.002976190476190476,57,2352.0
31,Midfielder,4988,29,15.8,1.1,0.7142857142857143,0.18765036086607859,0.28829190056134724,0.37209302325581395,0.15136327185244586,0.004322766570605188,0.02521613832853026,0.1628242074927954,0.33285302593659943,0.29971181556195964,0.14265129682997119,0.02881844380403458,0.0036023054755043226,14,1388.0
32,Midfielder,9636,55,17.0,2.0,0.29411764705882354,0.1694686591946866,0.271689497716895,0.34973017849730176,0.20869655458696554,0.008356545961002786,0.029712163416898793,0.1522748375116063,0.3370473537604457,0.2906220984215413,0.149025069637883,0.028319405756731662,0.004642525533890436,51,2154.0
33,Forward,5987,34,17.3,1.3,0.4,0.20511107399365291,0.32370135293135127,0.28344746951728744,0.18707198931017205,0.010252904989747095,0.02939166097060834,0.14764183185235816,0.3287764866712235,0.2959671907040328,0.151742993848257,0.03144224196855776,0.004784688995215311,25,1463.0
34,Midfielder,5016,29,14.1,1.0,0.375,0.1854066985645933,0.3149920255183413,0.3562599681020734,0.14274322169059012,0.005240174672489083,0.027074235807860263,0.1554585152838428,0.3292576419213974,0.28820960698689957,0.1615720524017467,0.03056768558951965,0.0026200873362445414,16,1145.0
35,Defender,7256,42,15.3,1.5,0.2972972972972973,0.19197905181918412,0.35019294377067256,0.31422271223814774,0.14264057331863286,0.0058823529411764705,0.023529411764705882,0.1625668449197861,0.3251336898395722,0.2967914438502674,0.14224598930481283,0.039037433155080216,0.004812834224598931,37,1870.0
36,Midfielder,12955,74,16.0,2.8,0.24444444444444444,0.15322269394056348,0.36920108066383633,0.3463527595522964,0.13099189502122732,0.006211180124223602,0.028338509316770188,0.16886645962732919,0.3136645962732919,0.2876552795031056,0.15644409937888198,0.03260869565217391,0.006211180124223602,90,2576.0
38,Midfielder,9768,56,17.2,2.0,0.44,0.17547092547092547,0.2937141687141687,0.326986076986077,0.20321457821457822,0.010326311441553077,0.033044196612969846,0.14539446509706733,0.3151590251961999,0.3114415530772408,0.14332920280875672,0.03510945890128046,0.006195786864931847,50,2421.0
40,Defender,13155,75,18.1,2.8,0.18888888888888888,0.169517293804637,0.32329912580767767,0.34709236031927027,0.15993918662105663,0.004130524576621231,0.025196199917389507,0.157786038826931,0.3333333333333333,0.31020239570425445,0.14209004543577033,0.023543990086741014,0.0037174721189591076,90,2421.0
41,Defender,13063,75,18.0,2.8,0.12222222222222222,0.1864809002526219,0.3323891908443696,0.36017760085738343,0.120646099670826,0.004985754985754986,0.02207977207977208,0.1623931623931624,0.3212250712250712,0.2916666666666667,0.16381766381766383,0.0316951566951567,0.002136752136752137,90,2808.0
42,Forward,7691,44,16.3,1.6,0.4857142857142857,0.17722012742166168,0.3290859446105838,0.32297490573397475,0.17006891171499156,0.00594883997620464,0.0362879238548483,0.16061867935752527,0.3206424747174301,0.27900059488399764,0.15942891136228435,0.030339083878643664,0.007733491969066032,35,1681.0
46,Forward,14660,87,18.6,3.7,0.35555555555555557,0.09358799454297408,0.3013642564802183,0.36807639836289224,0.2368349249658936,0.00967741935483871,0.035483870967741936,0.17603686635944701,0.31336405529953915,0.2368663594470046,0.1672811059907834,0.05161290322580645,0.00967741935483871,90,2170.0
48,Forward,9493,57,23.7,2.9,0.3103448275862069,0.1436848203939745,0.3070683661645423,0.31012324870957547,0.23870220162224798,0.014645577035735208,0.053895723491505565,0.16637375512595196,0.28822495606326887,0.2501464557703574,0.15817223198594024,0.056824838898652606,0.011716461628588167,87,1707.0
49,Defender,5588,33,15.4,1.2,0.5294117647058824,0.18360773085182533,0.2986757337151038,0.30923407301360056,0.20794559770937723,0.006134969325153374,0.024539877300613498,0.18745739604635311,0.294478527607362,0.2903885480572597,0.15405589638718473,0.03749147920927062,0.0054533060668029995,17,1467.0
50,Midfielder,12640,75,17.3,2.7,0.07692307692307693,0.14794303797468356,0.3122626582278481,0.39699367088607596,0.14256329113924052,0.005828476269775187,0.02331390507910075,0.16694421315570357,0.3218151540383014,0.28601165695253955,0.16819317235636969,0.025811823480432972,0.0020815986677768525,91,2402.0
51,Defender,13337,79,17.1,2.9,0.10989010989010989,0.15663192622028943,0.3441553572767489,0.36882357351728273,0.13008922546299767,0.0026933435936898806,0.022316275490573297,0.1639091958445556,0.3116583301269719,0.30781069642170067,0.16891111966140823,0.020777222008464793,0.001923816852635629,91,2599.0
52,Defender,13803,82,17.1,2.9,0.21686746987951808,0.1418532203144244,0.3048612620444831,0.36535535753097154,0.18749547199884084,0.002723867892407218,0.026557711950970377,0.17432754511406195,0.3040517534899557,0.29043241402791964,0.16785835886959483,0.030303030303030304,0.003745318352059925,83,2937.0
54,Midfielder,7345,44,17.5,1.6,0.52,0.16201497617426822,0.253641933287951,0.3626957113682777,0.22083049693669163,0.0069084628670120895,0.025906735751295335,0.16407599309153714,0.3223949337938975,0.29591249280368453,0.14853195164075994,0.03051237766263673,0.0057570523891767415,25,1737.0
55,Forward,3219,19,14.6,0.7,2.0,0.2749301025163094,0.3181112146629388,0.29916123019571295,0.10593351972662317,0.005197505197505198,0.02390852390852391,0.13201663201663202,0.3783783783783784,0.32536382536382535,0.11330561330561331,0.018711018711018712,0.0031185031185031187,2,962.0
56,Midfielder,13810,82,18.3,3.2,2.5454545454545454,0.10340333091962346,0.34742939898624187,0.36502534395365677,0.18406951484431572,0.008677685950413223,0.0371900826446281,0.17314049586776858,0.29421487603305785,0.2619834710743802,0.17727272727272728,0.04132231404958678,0.006198347107438017,11,2420.0
58,Midfielder,13782,82,21.6,2.9,0.18681318681318682,0.13401538238281818,0.303656943839791,0.36068785372224643,0.20134958641706574,0.00890092879256966,0.03173374613003096,0.17414860681114552,0.3026315789473684,0.27786377708978327,0.1660216718266254,0.0348297213622291,0.003869969040247678,91,2584.0
60,Midfielder,14089,84,17.6,3.0,0.33707865168539325,0.12946270139825394,0.313223081836894,0.3358648591099439,0.2210234935055717,0.00993271387375841,0.041653316244793334,0.17238064722845242,0.29381608458827296,0.26081384171739824,0.17270105735341237,0.042614546619673184,0.006087792374239026,89,3121.0
61,Defender,4730,28,14.4,1.0,0.024390243902439025,0.18054968287526427,0.30465116279069765,0.37357293868921776,0.14059196617336153,0.00505902192242833,0.02866779089376054,0.1736930860033727,0.3069139966273187,0.28836424957841483,0.163575042158516,0.03288364249578415,0.0008431703204047217,82,1186.0
63,Forward,10278,61,17.3,2.3,0.3,0.14292663942401246,0.28760459233313873,0.3784783031718233,0.1905039891029383,0.005500550055005501,0.037953795379537955,0.17216721672167218,0.2992299229922992,0.27832783278327833,0.1617161716171617,0.03850385038503851,0.006600660066006601,60,1818.0
64,Defender,13106,78,17.8,2.8,0.14285714285714285,0.16877765908744086,0.33061193346558826,0.3750190752327178,0.12520982755989624,0.005289139633286318,0.03455571227080395,0.18124118476727785,0.2810296191819464,0.30289139633286316,0.16784203102961917,0.023977433004231313,0.003173483779971791,91,2836.0
66,Forward,11741,69,17.4,2.7,0.3717948717948718,0.10459075036197939,0.32126735371774123,0.3504812196576101,0.22340516140022146,0.007295466388744137,0.0297029702970297,0.1521625846795206,0.3512245961438249,0.2569046378322043,0.14799374674309537,0.044815007816571134,0.009900990099009901,78,1919.0
68,Forward,12102,71,16.7,2.6,0.3253012048192771,0.16303090398281275,0.32044290199966946,0.3025946124607503,0.2137663196165923,0.01721664275466284,0.04591104734576758,0.16355810616929697,0.3008130081300813,0.2635102821616451,0.16164514586322334,0.03825920612147298,0.009086561453849833,83,2091.0
69,Defender,10008,59,14.5,2.1,0.3333333333333333,0.14768185451638688,0.3224420463629097,0.3472222222222222,0.18225419664268586,0.008068343616516375,0.03939250118652112,0.170859041290935,0.29900332225913623,0.2724252491694352,0.17133364973896537,0.03512102515424775,0.0037968675842429997,57,2107.0
70,Midfielder,12175,71,18.0,2.6,0.325,0.14628336755646817,0.38455852156057496,0.3160574948665298,0.15277207392197126,0.007039155301363837,0.03695556533216014,0.14078310602727673,0.332160140783106,0.302683677958645,0.13682358117025956,0.03739551253849538,0.0061592608886933565,80,2273.0
71,Defender,13772,81,20.7,2.9,0.18888888888888888,0.15821957595120534,0.31200987510891665,0.36900958466453676,0.16061574208539064,0.008447304907481898,0.029364440868865648,0.16009654062751408,0.31174577634754624,0.2948511665325825,0.16049879324215607,0.031375703942075624,0.0036202735317779565,90,2486.0
72,Defender,10160,59,16.4,2.1,0.2708333333333333,0.13503937007874015,0.28651574803149604,0.36929133858267715,0.20885826771653543,0.003084832904884319,0.030334190231362468,0.14910025706940874,0.3398457583547558,0.2802056555269923,0.16298200514138816,0.030334190231362468,0.004113110539845758,48,1945.0
74,Midfielder,9631,56,16.8,2.1,0.26666666666666666,0.14038002284290313,0.26840411172256257,0.37483127401100613,0.21586543453431628,0.006725297465080186,0.04035178479048112,0.15933781686497672,0.30574236937403,0.28970512157268496,0.15882048629073978,0.03621314019658562,0.0031039834454216243,45,1933.0
76,Midfielder,4494,26,13.3,1.0,0.5,0.20071206052514465,0.3164218958611482,0.35514018691588783,0.1268357810413885,0.002497918401332223,0.034970857618651124,0.14654454621149043,0.33805162364696084,0.2922564529558701,0.14571190674437967,0.03746877601998335,0.002497918401332223,12,1201.0
77,Defender,8931,52,15.3,1.9,0.2708333333333333,0.17120143321016684,0.30164595230097413,0.35158436905161794,0.1750083977158213,0.005170630816959669,0.03464322647362978,0.17476732161323683,0.30403309203722856,0.2714581178903826,0.16649431230610134,0.03722854188210962,0.0062047569803516025,48,1934.0
78,Midfielder,14306,84,18.8,3.1,0.26666666666666666,0.12106808332168321,0.3025304068223123,0.36103732699566615,0.21515448063749476,0.0088,0.0432,0.1676,0.3016,0.258,0.1692,0.0444,0.0072,90,2500.0
80,Midfielder,10474,61,17.4,2.2,0.28846153846153844,0.14111132327668513,0.2867099484437655,0.3532556807332442,0.21854114951308,0.009816474605207,0.03841229193341869,0.16047801963294922,0.3068715322236449,0.28894579598804954,0.15450277422108408,0.03713188220230474,0.0038412291933418692,52,2343.0
81,Defender,8443,49,15.8,1.8,0.11904761904761904,0.1805045599905247,0.2790477318488689,0.3494018713727348,0.19057207153855266,0.005420054200542005,0.03387533875338753,0.1673441734417344,0.3055555555555556,0.29471544715447157,0.16056910569105692,0.03116531165311653,0.0013550135501355014,42,1476.0
82,Defender,10520,62,15.3,2.3,0.06153846153846154,0.20960076045627377,0.30693916349809885,0.3614068441064639,0.12167300380228137,0.0038929440389294406,0.0267639902676399,0.1591240875912409,0.332360097323601,0.27883211678832115,0.16155717761557178,0.03600973236009732,0.00145985401459854,65,2055.0
83,Forward,8634,51,15.7,1.8,0.26666666666666666,0.1665508454945564,0.3146861246235812,0.33796618021774383,0.18033356497567754,0.0043076923076923075,0.03323076923076923,0.1753846153846154,0.30338461538461536,0.2775384615384615,0.15938461538461537,0.04123076923076923,0.005538461538461538,45,1625.0
84,Defender,10176,60,16.1,2.2,0.1206896551724138,0.16529088050314467,0.28311713836477986,0.3741155660377358,0.1771816037735849,0.008145663632007666,0.03497843794920939,0.17824628653569718,0.28988979396262576,0.2889314805941543,0.17105893627216098,0.026832774317201723,0.0019166267369429804,58,2087.0
85,Forward,4111,24,15.7,0.9,0.5714285714285714,0.2048163463877402,0.3118462661153004,0.3230357577231817,0.15908538068596448,0.008522727272727272,0.032196969696969696,0.16382575757575757,0.3248106060606061,0.28125,0.15151515151515152,0.036931818181818184,0.000946969696969697,7,1056.0
88,Defender,5463,28,16.3,1.0,0.10752688172043011,0.21252059308072488,0.305143693941058,0.2943437671609006,0.18707669778509975,0.006273525721455458,0.028858218318695106,0.15746549560853199,0.3299874529485571,0.30238393977415307,0.13739021329987453,0.03513174404015056,0.002509410288582183,93,1594.0
89,Defender,2580,13,15.0,0.5,0.125,0.3244186046511628,0.31589147286821706,0.26085271317829456,0.09573643410852713,0.002036659877800407,0.024439918533604887,0.12627291242362526,0.40427698574338083,0.29327902240325865,0.12219959266802444,0.026476578411405296,0.0010183299389002036,16,982.0
90,Midfielder,14136,72,17.0,2.6,0.32926829268292684,0.14141199773627616,0.36552065647990944,0.2985993208828523,0.1941143180531975,0.010984699882306787,0.03060023538642605,0.16673205178501374,0.30482542173401334,0.2895253040408003,0.14829344841114162,0.04236955668889761,0.006669282071400549,82,2549.0
91,Defender,14931,76,18.4,2.8,0.11428571428571428,0.16777175005023107,0.36233340030808386,0.3291139240506329,0.14051302658897596,0.004267425320056899,0.031294452347083924,0.15967283072546232,0.32503556187766713,0.2894736842105263,0.15753911806543386,0.030227596017069702,0.0024893314366998577,105,2812.0
92,Defender,16367,84,17.9,3.1,0.17142857142857143,0.12464104600720963,0.3200953137410643,0.3557768680882263,0.1993645750595711,0.0029135642602784073,0.026869537067011978,0.16639689219812237,0.3201683392683716,0.28067335707348656,0.17319520880543865,0.027193266429265135,0.002589834898025251,105,3089.0
94,Midfielder,9764,50,17.4,1.8,0.2765957446808511,0.15915608357230643,0.27417042195821384,0.3424825891028267,0.22378123719786971,0.011235955056179775,0.03957010258915486,0.15779189057156814,0.31998045920859797,0.2730825598436737,0.15681485100146556,0.03859306301905227,0.0029311187103077674,47,2047.0
95,Forward,4189,21,16.8,0.8,0.3076923076923077,0.3110527572212939,0.34709954643112917,0.21007400334208642,0.12986392933874433,0.004548408057179987,0.022742040285899934,0.11630929174788823,0.4015594541910331,0.3235867446393762,0.10721247563352826,0.022092267706302793,0.001949317738791423,13,1539.0
96,Midfielder,9231,47,14.5,1.8,0.2222222222222222,0.1449463763405915,0.27515978767197485,0.3676741414797963,0.2116780413822988,0.008947368421052631,0.041578947368421056,0.16210526315789472,0.30736842105263157,0.2694736842105263,0.1668421052631579,0.04105263157894737,0.002631578947368421,45,1900.0
97,Defender,8818,45,18.0,1.7,0.4117647058823529,0.18246767974597414,0.321161261056929,0.32138806985711044,0.1740757541392606,0.004990925589836661,0.03402903811252268,0.1569872958257713,0.32667876588021777,0.2881125226860254,0.1483666061705989,0.034482758620689655,0.006352087114337568,51,2204.0
98,Midfielder,13319,68,16.5,2.9,0.16666666666666666,0.11787671747128163,0.31691568436068773,0.3527291838726631,0.21225317216007208,0.010075566750629723,0.03736356003358522,0.1834592779177162,0.28547439126784213,0.2699412258606213,0.16204869857262805,0.04785894206549118,0.003778337531486146,96,2382.0
100,Midfielder,14680,75,16.5,2.8,0.3870967741935484,0.14182561307901909,0.3140326975476839,0.33201634877384195,0.21171662125340598,0.011246200607902736,0.04072948328267477,0.1662613981762918,0.2899696048632219,0.2796352583586626,0.16231003039513678,0.04376899696048632,0.0060790273556231,93,3290.0
101,Midfielder,2785,14,12.9,0.5,0.02857142857142857,0.3443447037701975,0.27504488330341115,0.2725314183123878,0.1059245960502693,0.000968054211035818,0.021297192642787996,0.14230396902226525,0.37463697967086157,0.3155856727976767,0.12391093901258471,0.01936108422071636,0.001936108422071636,105,1033.0
102,Defender,5441,28,15.0,1.1,0.6666666666666666,0.2602462782576732,0.2883661091711083,0.3313729093916559,0.11872817496783679,0.00411522633744856,0.024691358024691357,0.13717421124828533,0.3710562414266118,0.3004115226337449,0.1337448559670782,0.02400548696844993,0.004801097393689987,15,1458.0
103,Defender,14530,74,16.3,2.7,0.18055555555555555,0.18513420509291123,0.31768754301445284,0.33516861665519615,0.16159669649002065,0.004051316677920324,0.03241053342336259,0.17116812964213368,0.31330182309250504,0.29034436191762325,0.1600270087778528,0.025658338960162053,0.003038487508440243,72,2962.0
104,Midfielder,3112,16,12.9,0.6,0.0,0.3396529562982005,0.3004498714652956,0.25482005141388175,0.10218508997429306,0.0017777777777777779,0.022222222222222223,0.12711111111111112,0.38666666666666666,0.336,0.1111111111111111,0.015111111111111112,0.0,105,1125.0
106,Forward,15281,94,22.4,3.3,0.2976190476190476,0.1015640337674236,0.2622864995746352,0.3666644853085531,0.2693540998625744,0.006846188954815153,0.048379735280693746,0.1775445002282063,0.2893655864901871,0.24418073938840712,0.1811958010041077,0.04701049748973072,0.005476951163852123,84,2191.0
108,Forward,12288,76,17.6,2.7,0.3068181818181818,0.156494140625,0.3056640625,0.3306477864583333,0.20686848958333334,0.014946286781877626,0.0425035030359645,0.1489957963568426,0.3194768799626343,0.2643624474544605,0.1489957963568426,0.051377860812704346,0.009341429238673517,88,2141.0
109,Defender,4672,29,16.0,1.0,0.5833333333333334,0.22538527397260275,0.2876712328767123,0.3086472602739726,0.17701198630136986,0.007159904534606206,0.031821797931583136,0.1726332537788385,0.3198090692124105,0.27844073190135243,0.15592680986475735,0.03261734287987271,0.0015910898965791568,12,1257.0
111,Midfielder,12510,77,18.9,2.9,0.2804878048780488,0.13541167066346924,0.34972022382094325,0.35083932853717026,0.16378896882494004,0.008234688625836336,0.03654143077714874,0.1487390633041688,0.33453422542460115,0.2655687081832218,0.15851775604734947,0.040658775090066906,0.007205352547606794,82,1943.0
112,Defender,12983,80,17.2,2.8,0.06666666666666667,0.17730878841562042,0.31749210506046366,0.3782638835400139,0.12655010398213049,0.0052231718898385565,0.029439696106362774,0.16191832858499525,0.3148148148148148,0.30151946818613484,0.15716999050332384,0.02801519468186135,0.001899335232668566,90,2106.0
113,Defender,12007,74,16.6,2.7,0.12307692307692308,0.11651536603647872,0.27858749063046556,0.39726826018156075,0.20737902889980844,0.004734848484848485,0.029356060606060608,0.171875,0.3068181818181818,0.2916666666666667,0.1699810606060606,0.02225378787878788,0.0033143939393939395,65,2112.0
115,Forward,3226,20,15.7,0.7,1.0,0.29603223806571605,0.2644141351518909,0.3161810291382517,0.12213267203967762,0.004162330905306972,0.018730489073881373,0.14568158168574402,0.3631633714880333,0.3048907388137357,0.1404786680541103,0.022892819979188347,0.0,2,961.0
116,Midfielder,8039,50,15.5,1.8,0.18421052631578946,0.15213334991914418,0.26247045652444334,0.3915909939047145,0.19330762532653314,0.011896431070678797,0.03358992302309307,0.16864940517844645,0.3100069979006298,0.2603219034289713,0.18404478656403078,0.02799160251924423,0.0034989503149055285,38,1429.0
117,Defender,4304,27,15.9,1.0,0.4166666666666667,0.22769516728624536,0.2822955390334573,0.3320167286245353,0.1575278810408922,0.006809338521400778,0.0311284046692607,0.1614785992217899,0.31906614785992216,0.3005836575875486,0.1517509727626459,0.02529182879377432,0.0038910505836575876,12,1028.0
118,Midfielder,13656,84,16.8,3.1,0.1111111111111111,0.1225834797891037,0.3010398359695372,0.37346221441124783,0.2026215582893966,0.005244755244755245,0.03496503496503497,0.17220279720279721,0.30506993006993005,0.2718531468531469,0.17963286713286714,0.029283216783216784,0.0017482517482517483,90,2288.0
120,Midfielder,11158,69,17.8,2.4,0.25396825396825395,0.15011650833482704,0.27818605484853914,0.31753002330166696,0.25380892633088364,0.01338432122370937,0.04541108986615679,0.15200764818355642,0.3016252390057361,0.28107074569789675,0.16395793499043976,0.03919694072657744,0.0033460803059273425,63,2092.0
122,Defender,13218,81,18.5,2.9,0.13333333333333333,0.15357845362384628,0.3118474807081253,0.38039037675896503,0.15403238008775913,0.008399440037330844,0.026598226784881007,0.17592160522631825,0.3061129258049463,0.2846476901539897,0.16472235184321046,0.03126458236117592,0.0023331777881474567,90,2143.0
124,Forward,9987,62,18.0,2.3,0.22413793103448276,0.14308601181535996,0.3171122459196956,0.34885350956243116,0.1907479723640733,0.0049813200498132005,0.03549190535491906,0.17434620174346202,0.3026151930261519,0.2770859277708593,0.16874221668742218,0.03300124533001245,0.0037359900373599006,58,1606.0
125,Defender,13031,80,16.1,2.9,0.13333333333333333,0.15793108740695266,0.3208502801012969,0.36704780907067763,0.15394060317703936,0.004649196956889264,0.032121724429416736,0.17962806424344885,0.2971259509721048,0.28275570583262893,0.17075232459847844,0.030431107354184278,0.00253592561284869,90,2366.0
128,Forward,15009,83,18.0,3.1,0.5930232558139535,0.1232593777067093,0.2992204677193684,0.33273369311746287,0.24458658138450262,0.011337868480725623,0.03476946334089191,0.15495086923658352,0.32275132275132273,0.26303854875283444,0.15306122448979592,0.04610733182161754,0.013983371126228269,86,2646.0
130,Forward,11153,62,17.9,2.2,0.36,0.1708060611494665,0.33632206581188917,0.2873666278131444,0.20496727337935983,0.018173122907699665,0.03825920612147298,0.15351506456241032,0.30750836920133906,0.2812051649928264,0.1492109038737446,0.043041606886657105,0.009086561453849833,75,2091.0
131,Defender,4773,26,15.8,1.0,0.375,0.22124450031426776,0.3283050492352818,0.313429708778546,0.1357636706473916,0.005139500734214391,0.0315712187958884,0.16226138032305434,0.3303964757709251,0.27312775330396477,0.15565345080763582,0.039647577092511016,0.0022026431718061676,16,1362.0
133,Midfielder,10939,61,18.5,2.3,0.38095238095238093,0.14562574275527929,0.3489350031995612,0.34436420148093977,0.16070938842673005,0.008349705304518664,0.03585461689587426,0.13998035363457761,0.33988212180746563,0.2784872298624754,0.14538310412573674,0.04273084479371316,0.009332023575638507,63,2036.0
134,Defender,12475,69,16.7,2.6,0.1875,0.16080160320641282,0.3788376753507014,0.32665330661322645,0.1333066132264529,0.00641025641025641,0.030448717948717948,0.15424679487179488,0.33092948717948717,0.29607371794871795,0.14783653846153846,0.03125,0.0028044871794871795,80,2496.0
135,Defender,11165,62,18.8,2.3,0.2,0.16435288849081953,0.316256157635468,0.380832960143305,0.1380206000895656,0.004128819157720892,0.02601156069364162,0.1490503715937242,0.342691990090834,0.2931461601981833,0.15524360033030554,0.027250206440957887,0.002477291494632535,65,2422.0
136,Midfielder,4251,24,15.9,0.9,0.5,0.22935779816513763,0.30392848741472595,0.3208656786638438,0.14467184191954835,0.004803843074459567,0.02321857485988791,0.13370696557245795,0.37229783827061647,0.3066453162530024,0.12730184147317855,0.029623698959167333,0.0024019215372297837,10,1249.0
137,Midfielder,8357,46,17.7,1.7,0.23684210526315788,0.17661840373339716,0.2782098839296398,0.33337322005504366,0.2112001914562642,0.0056410256410256415,0.033846153846153845,0.14615384615384616,0.32666666666666666,0.31076923076923074,0.14307692307692307,0.03076923076923077,0.003076923076923077,38,1950.0
138,Forward,3890,22,16.1,0.8,1.4,0.27866323907455015,0.3115681233933162,0.30719794344473006,0.10102827763496144,0.005208333333333333,0.026041666666666668,0.11979166666666667,0.37797619047619047,0.32217261904761907,0.12351190476190477,0.022321428571428572,0.002976190476190476,5,1344.0
139,Midfielder,7809,43,16.5,1.6,0.3783783783783784,0.15302855679344346,0.3097707773082341,0.3638109873223204,0.17274939172749393,0.010422698320787493,0.03937463810075275,0.1592356687898089,0.3022582513028373,0.2895193977996526,0.1557614360162131,0.03705848291835553,0.006369426751592357,37,1727.0
140,Defender,4417,25,13.5,1.0,0.46153846153846156,0.221190853520489,0.32125877292279825,0.33506905139234777,0.12157573013357482,0.0048543689320388345,0.03640776699029126,0.14563106796116504,0.3446601941747573,0.2815533980582524,0.15129449838187703,0.03317152103559871,0.0024271844660194173,13,1236.0
141,Midfielder,12707,71,16.4,2.7,0.17777777777777778,0.1367750059022586,0.355788148264736,0.35075155426143073,0.15644920122766978,0.005220883534136547,0.0321285140562249,0.16626506024096385,0.31606425702811247,0.2863453815261044,0.1570281124497992,0.03172690763052209,0.005220883534136547,90,2490.0
143,Midfielder,12844,71,17.5,2.7,0.4375,0.14917471192774837,0.31929305512301465,0.33151666147617564,0.19978199937714108,0.009135399673735726,0.03295269168026101,0.15889070146818923,0.31419249592169657,0.2828711256117455,0.15399673735725938,0.041109298531810765,0.006851549755301794,80,3065.0
145,Defender,12518,69,20.0,2.6,0.18888888888888888,0.17678542898226554,0.35181338872024287,0.3410289183575651,0.13005272407732865,0.0029069767441860465,0.020764119601328904,0.16362126245847175,0.3372093023255814,0.2911129568106312,0.15573089700996678,0.02367109634551495,0.0049833887043189366,90,2408.0
146,Defender,9320,52,13.5,1.9,0.21818181818181817,0.20182403433476395,0.342381974248927,0.33476394849785407,0.12049356223175965,0.00399800099950025,0.027486256871564217,0.14942528735632185,0.34632683658170915,0.28335832083958024,0.15542228885557222,0.02948525737131434,0.004497751124437781,55,2001.0
147,Forward,8391,47,16.7,1.8,0.16279069767441862,0.16172089143129545,0.3208199261113097,0.322607555714456,0.1944941008223096,0.005418422636965683,0.034918723660445516,0.1547260686333534,0.3257074051776038,0.275737507525587,0.16556291390728478,0.034918723660445516,0.0030102347983142685,43,1661.0
148,Defender,8953,50,15.0,1.9,0.37735849056603776,0.19825756729587848,0.3197810789679437,0.3207863286049369,0.16061655311068915,0.004162330905306972,0.023413111342351717,0.1696149843912591,0.32466181061394384,0.3054110301768991,0.13735691987513007,0.029656607700312174,0.005723204994797087,53,1922.0
151,Forward,13835,86,17.9,3.2,0.4246575342465753,0.10487893024936755,0.3140585471629924,0.366389591615468,0.2143838091796169,0.007947639083683964,0.03880317905563347,0.171575502571295,0.30528284244974285,0.24310425432445068,0.1771856007480131,0.04675081813931744,0.009350163627863487,73,2139.0
153,Forward,10754,67,17.0,2.8,0.38271604938271603,0.13799516458992003,0.3286219081272085,0.34535986609633623,0.18802306118653525,0.0200445434298441,0.05846325167037862,0.15701559020044542,0.2811804008908686,0.24387527839643652,0.17483296213808464,0.053452115812917596,0.011135857461024499,81,1796.0
155,Defender,3781,23,13.2,0.9,2.5,0.2266596138587675,0.30706162390901875,0.3705368950013224,0.09468394604601957,0.0030706243602865915,0.03172978505629478,0.15455475946775846,0.3541453428863869,0.27533265097236437,0.150460593654043,0.028659160696008188,0.0020470829068577278,2,977.0
156,Midfielder,13626,84,16.3,3.0,0.3058823529411765,0.12307353588727434,0.34125935711140465,0.3582856304124468,0.17723469837076178,0.009495036685369012,0.03754855416486837,0.16961588260681917,0.29520932239965475,0.275787656452309,0.16227880880448856,0.04315925766076824,0.0069054812257229176,85,2317.0
157,Defender,12781,79,17.7,3.0,0.13333333333333333,0.16524528597136373,0.35513653078788826,0.3537281902824505,0.1257335106799155,0.0026666666666666666,0.025333333333333333,0.16355555555555557,0.3248888888888889,0.3031111111111111,0.1537777777777778,0.02311111111111111,0.0035555555555555557,90,2250.0
158,Defender,4431,27,15.0,1.2,0.09090909090909091,0.16452268111035884,0.3583841119386143,0.347777025502144,0.12863913337846988,0.0030425963488843813,0.02535496957403651,0.16531440162271804,0.3286004056795132,0.295131845841785,0.15618661257606492,0.02535496957403651,0.0010141987829614604,11,986.0
160,Midfielder,7494,46,20.5,1.7,0.36666666666666664,0.15519081932212436,0.30998131838804377,0.34414198025086734,0.1898852415265546,0.006984866123399301,0.03608847497089639,0.15424912689173456,0.3242142025611176,0.29976717112922,0.14144353899883585,0.034924330616996506,0.002328288707799767,30,1718.0
161,Midfielder,6796,42,14.7,1.5,0.5185185185185185,0.15347263095938787,0.316656856974691,0.37978222483814006,0.14935256032960564,0.006423982869379015,0.03997144896502498,0.1763026409707352,0.3012134189864383,0.2491077801570307,0.1827266238401142,0.03854389721627409,0.005710206995003569,27,1401.0
162,Defender,6249,39,14.3,1.4,0.6153846153846154,0.18995039206273004,0.32501200192030727,0.35237638022083534,0.13170107217154745,0.00535475234270415,0.02610441767068273,0.18741633199464525,0.3038821954484605,0.2684069611780455,0.16265060240963855,0.040160642570281124,0.006024096385542169,26,1494.0
163,Midfielder,10211,63,15.8,3.6,0.2,0.10498482029184213,0.32259328175497015,0.3701890118499657,0.2021349525022035,0.006031363088057901,0.040410132689987936,0.19300361881785283,0.27683956574185764,0.24909529553679133,0.18516284680337755,0.04101326899879373,0.008443908323281062,90,1658.0
165,Midfielder,9699,60,18.2,2.2,0.26666666666666666,0.16372821940406226,0.3052892050726879,0.33116816166615115,0.19929889679348387,0.01364522417153996,0.041423001949317736,0.14473684210526316,0.32894736842105265,0.26120857699805067,0.1627680311890838,0.04239766081871345,0.004873294346978557,60,2052.0
166,Defender,13078,81,17.1,3.0,0.1,0.14727022480501606,0.3400367028597645,0.3470714176479584,0.165468726104909,0.0044603033006244425,0.027653880463871544,0.16592328278322926,0.32738626226583406,0.2752007136485281,0.16904549509366637,0.028991971454058876,0.0013380909901873326,90,2242.0
167,Defender,12681,78,15.6,3.0,0.17777777777777778,0.18105827616118603,0.35154956233735507,0.3645611544830849,0.10243671634729122,0.0026030368763557484,0.02863340563991323,0.17396963123644252,0.3149674620390456,0.2533622559652928,0.19045553145336225,0.03210412147505423,0.0039045553145336228,90,2305.0
168,Forward,10114,63,14.4,2.3,0.14035087719298245,0.14138817480719795,0.3157998813525806,0.36276448487245405,0.17975084041922088,0.0034207525655644243,0.04047890535917902,0.17103762827822122,0.3010262257696693,0.282212086659065,0.1636259977194983,0.036488027366020526,0.0017103762827822121,57,1754.0
169,Defender,13683,85,16.4,3.3,0.18888888888888888,0.13337718336622087,0.3082657311992984,0.38295695388438206,0.17518088138566104,0.006925740669488265,0.038476337052712584,0.18237783762985763,0.2862639476721816,0.26163909195844554,0.18814928818776452,0.03270488649480569,0.0034628703347441324,90,2599.0
171,Forward,14413,75,16.4,2.7,0.3132530120481928,0.13314368972455423,0.2831471588149587,0.35259834871296747,0.23083327551515992,0.006517311608961304,0.032586558044806514,0.1629327902240326,0.3372708757637475,0.25743380855397147,0.14908350305498982,0.04806517311608961,0.006109979633401222,83,2455.0
173,Forward,12315,64,19.0,2.3,0.37777777777777777,0.17775071051563135,0.30361347949654893,0.28047097036134794,0.23784003248071459,0.015598650927487353,0.051011804384485666,0.1433389544688027,0.3081787521079258,0.26812816188870153,0.1572512647554806,0.049747048903878585,0.006745362563237774,90,2372.0
176,Midfielder,14278,75,23.8,2.8,0.38202247191011235,0.12851940047625718,0.33113881496007846,0.32210393612550775,0.21809777279731055,0.01095579901775595,0.0438231960710238,0.1556479032867397,0.2988288628636192,0.2795617680392898,0.15602568945976578,0.04646769928220627,0.008689081979599547,89,2647.0
177,Defender,13737,72,18.5,2.6,0.1308411214953271,0.20732328747179152,0.32452500545970736,0.3155710853898231,0.15228943728616146,0.0072685539403213465,0.027161438408569244,0.15225707727620505,0.3205814843152257,0.2957153787299158,0.16449885233358838,0.028309104820198928,0.004208110175975516,107,2614.0
178,Defender,4991,26,15.7,1.0,0.9,0.211781206171108,0.2626728110599078,0.32318172710879584,0.20136245241434583,0.0029154518950437317,0.024052478134110787,0.13848396501457727,0.37682215743440234,0.2944606413994169,0.12536443148688048,0.033527696793002916,0.004373177842565598,10,1372.0
180,Midfielder,7819,41,27.0,1.5,0.40625,0.18186468857910218,0.24657884639979538,0.32907021358229954,0.24171888988361684,0.01082004555808656,0.03018223234624146,0.14009111617312073,0.33997722095671984,0.30239179954441914,0.1315489749430524,0.038154897494305236,0.00683371298405467,32,1756.0
181,Midfielder,6927,36,16.7,1.3,0.6206896551724138,0.16341850729031326,0.2572542226071893,0.3450267070882056,0.2335787498195467,0.010135135135135136,0.04391891891891892,0.1662162162162162,0.30743243243243246,0.2648648648648649,0.16283783783783784,0.03648648648648649,0.008108108108108109,29,1480.0
182,Defender,10178,53,19.0,2.0,0.3125,0.18510512870898016,0.2935743761053252,0.3542935743761053,0.16673216741992533,0.007585335018963337,0.03581963758954909,0.16097766540244415,0.3190054782975137,0.268857985672145,0.16603455541508638,0.03497682258744206,0.0067425200168563,64,2373.0
183,Midfielder,14051,73,17.6,2.9,0.17757009345794392,0.16304889331720163,0.30125969681873177,0.32609778663440325,0.2092377766706996,0.010798303123794832,0.03895102198225993,0.16274585422290783,0.3166216737369842,0.24836097184728115,0.16930196683378326,0.047435403008098724,0.005784805244890089,107,2593.0
185,Midfielder,12110,63,19.0,2.3,0.3950617283950617,0.17184145334434353,0.29380677126341864,0.32411230388109,0.20982658959537573,0.010906612133605999,0.038173142467621,0.152692569870484,0.3074301295160191,0.29107021131561006,0.15337423312883436,0.03851397409679618,0.007839127471029312,81,2934.0
186,Defender,14274,75,17.2,2.7,0.1308411214953271,0.16659660921956004,0.3147681098500771,0.3331932184391201,0.1850917752557097,0.00482315112540193,0.033360128617363344,0.16519292604501606,0.32194533762057875,0.2717041800643087,0.16278135048231512,0.03657556270096463,0.003617363344051447,107,2488.0
187,Defender,13348,70,16.8,2.6,0.14018691588785046,0.22183098591549297,0.3336080311657177,0.3037159124962541,0.14054540005993407,0.005134281200631911,0.02843601895734597,0.14139020537124802,0.3499210110584518,0.27527646129541866,0.1646919431279621,0.03238546603475513,0.002764612954186414,107,2532.0
188,Forward,8383,44,16.9,1.7,0.20408163265306123,0.14899200763449838,0.32649409519265177,0.30573780269593226,0.21841822736490515,0.0110573600552868,0.043538355217691775,0.16793365583966827,0.29716655148583276,0.25570145127850724,0.1713890808569454,0.0497581202487906,0.0034554250172771253,49,1447.0
189,Defender,13906,73,16.6,2.9,0.14018691588785046,0.17603911980440098,0.27391054221199485,0.3566805695383288,0.19315403422982885,0.005904059040590406,0.042804428044280446,0.16752767527675277,0.2996309963099631,0.274169741697417,0.17232472324723247,0.03468634686346864,0.002952029520295203,107,2710.0
190,Forward,4310,23,17.8,0.8,1.1428571428571428,0.23271461716937356,0.26218097447795824,0.3074245939675174,0.19559164733178655,0.005658852061438965,0.03233629749393695,0.13096200485044462,0.37105901374292644,0.29991915925626517,0.12045270816491511,0.034761519805982216,0.004850444624090542,7,1237.0
191,Forward,13593,82,18.4,2.9,0.3835616438356164,0.11770764364010888,0.2862502758772898,0.35304936364305156,0.24284558228499964,0.0077632217370208634,0.036875303250849104,0.18098010674429887,0.2930616205725376,0.2552159146045609,0.1693352741387676,0.048520135856380396,0.008248423095584668,73,2061.0
193,Forward,13175,79,17.9,2.8,0.26666666666666666,0.1316888045540797,0.30838709677419357,0.3348007590132827,0.22489563567362428,0.013876040703052728,0.04949121184088807,0.1683626271970398,0.288159111933395,0.25624421831637373,0.16882516188714153,0.045328399629972246,0.00971322849213691,90,2162.0
194,Defender,5366,32,15.1,1.2,0.4666666666666667,0.1705180767797242,0.3119642191576593,0.3216548639582557,0.19530376444278794,0.0109204368174727,0.0483619344773791,0.16146645865834633,0.297191887675507,0.28471138845553823,0.15366614664586584,0.039781591263650544,0.0039001560062402497,15,1282.0
196,Midfielder,14217,85,17.1,3.1,0.30120481927710846,0.10628121263276359,0.32608848561581205,0.3626644158401913,0.2048252092565239,0.010004168403501459,0.04043351396415173,0.16340141725719048,0.29178824510212586,0.2763651521467278,0.17257190496040017,0.038766152563568156,0.006669445602334306,83,2399.0
197,Defender,12384,74,25.8,2.7,0.08974358974358974,0.1542312661498708,0.3180717054263566,0.3875968992248062,0.1398578811369509,0.004484304932735426,0.025112107623318385,0.16950672645739912,0.30807174887892375,0.3071748878923767,0.1591928251121076,0.0242152466367713,0.002242152466367713,78,2230.0
198,Defender,14262,86,15.3,3.1,0.10126582278481013,0.1074884307951199,0.269317066330108,0.44215397559949515,0.18076006170242603,0.0011547344110854503,0.02386451116243264,0.18283294842186298,0.30908391070053887,0.2732871439568899,0.18321785989222478,0.02501924557351809,0.001539645881447267,79,2598.0
200,Midfielder,7711,46,18.2,1.7,0.39285714285714285,0.1631435611464142,0.23057969135001946,0.37115808585138116,0.23434055245752822,0.008021390374331552,0.03208556149732621,0.1711229946524064,0.3235294117647059,0.2553475935828877,0.16310160427807488,0.042112299465240643,0.004679144385026738,28,1496.0
202,Midfielder,4161,25,13.9,0.9,1.2857142857142858,0.20115356885364094,0.2953616919009853,0.3600096130737803,0.14203316510454217,0.0029296875,0.0341796875,0.1552734375,0.3388671875,0.267578125,0.171875,0.025390625,0.00390625,7,1024.0
203,Defender,6869,41,16.2,1.5,0.32142857142857145,0.15970301353908867,0.29378366574464987,0.35754840588149656,0.18823700684233513,0.004691689008042895,0.04423592493297587,0.1876675603217158,0.2902144772117963,0.2406166219839142,0.19839142091152814,0.03150134048257373,0.002680965147453083,28,1492.0
204,Midfielder,14705,88,17.8,3.3,0.16666666666666666,0.1078544712682761,0.2760285617137028,0.3697381842910575,0.24624277456647398,0.00697292863002461,0.041427399507793276,0.17432321575061527,0.29204265791632483,0.2538966365873667,0.18990976210008204,0.03732567678424938,0.004101722723543888,90,2438.0
206,Midfielder,11212,67,17.3,2.4,0.3050847457627119,0.14876917588298252,0.2540135569033179,0.3509632536567963,0.245808062789868,0.014959202175883953,0.03943789664551224,0.15321849501359927,0.299637352674524,0.27787851314596557,0.17225747960108795,0.03762466001813237,0.004986400725294651,59,2206.0
208,Defender,14406,87,20.8,3.1,0.14444444444444443,0.13494377342773844,0.2814105233930307,0.4076079411356379,0.17582951547966125,0.006965607313887679,0.03569873748367436,0.16848062690465826,0.2969090117544623,0.29473225946887244,0.16848062690465826,0.024814976055724858,0.00391815411406182,90,2297.0
209,Defender,13814,83,17.1,3.0,0.16666666666666666,0.1691761980599392,0.3228608657883307,0.36615028232228175,0.14152309251484002,0.005879882402351953,0.029399412011759767,0.15959680806383872,0.3196136077278454,0.27005459890802186,0.1768164636707266,0.03485930281394372,0.0037799244015119695,90,2381.0
210,Defender,14365,86,16.1,3.5,0.18888888888888888,0.11326139923424991,0.28444135050469893,0.3709711103376262,0.23125652627915072,0.00603448275862069,0.04525862068965517,0.18017241379310345,0.26767241379310347,0.28448275862068967,0.17629310344827587,0.03620689655172414,0.003879310344827586,90,2320.0
213,Forward,13927,85,17.9,3.1,0.4444444444444444,0.10583758167588138,0.3252674660730954,0.34020248438285344,0.22847705895024054,0.007243460764587525,0.03621730382293763,0.15412474849094568,0.33400402414486924,0.262374245472837,0.1501006036217304,0.045875251509054325,0.01006036217303823,81,2485.0
215,Forward,12447,76,45.6,2.8,0.27906976744186046,0.1463003133285129,0.32963766369406283,0.31999678637422674,0.2039045553145336,0.00935374149659864,0.04804421768707483,0.1560374149659864,0.3120748299319728,0.2657312925170068,0.15858843537414966,0.045068027210884355,0.00510204081632653,86,2352.0
216,Defender,5493,34,14.2,1.2,0.65,0.2215547059894411,0.3566357181867832,0.2952849080648098,0.12579646823229565,0.010906612133605999,0.03135650988411725,0.16768916155419222,0.3019768234492161,0.28016359918200406,0.1656441717791411,0.03680981595092025,0.0054533060668029995,20,1467.0
218,Midfielder,13117,80,19.0,2.9,0.47560975609756095,0.13181367690782952,0.34672562323702066,0.33971182435008007,0.1814439277273767,0.010575793184488837,0.033685859772816296,0.16137877007442225,0.31218174696435563,0.2839796318057188,0.1508029768899334,0.03760282021151586,0.009792401096748922,82,2553.0
219,Defender,10259,63,16.6,2.3,0.18571428571428572,0.20138415050199823,0.3400916268642168,0.32595769568184035,0.13217662540208597,0.005314009661835749,0.025120772946859903,0.1502415458937198,0.33816425120772947,0.2927536231884058,0.157487922705314,0.028502415458937197,0.0024154589371980675,70,2070.0
220,Defender,9653,59,15.7,2.2,0.5,0.15736040609137056,0.3041541489692324,0.3576090334611002,0.1803584377913602,0.0030055817947617003,0.027050236152855303,0.1580077286389008,0.35422928295405753,0.26534993559467585,0.1498497209102619,0.0369257191927866,0.0055817947617003,48,2329.0
222,Midfielder,7742,47,25.0,1.7,0.5517241379310345,0.16584861792818392,0.3030224748127099,0.3328597261689486,0.1977525187290106,0.010221465076660987,0.031232254400908575,0.1641113003975014,0.30721181147075527,0.29017603634298694,0.1572969903463941,0.03236797274275979,0.0073821692220329355,29,1761.0
223,Forward,3478,21,17.4,0.9,0.5555555555555556,0.20097757331799884,0.36486486486486486,0.32863714778608394,0.10408280621046578,0.0067039106145251395,0.030167597765363128,0.14972067039106146,0.32625698324022345,0.30726256983240224,0.15307262569832403,0.0223463687150838,0.004469273743016759,9,895.0
224,Midfielder,6463,40,26.6,1.4,0.6363636363636364,0.17809066996750736,0.3287946773943989,0.3306514002785084,0.16184434473154882,0.008290816326530613,0.026785714285714284,0.17729591836734693,0.31760204081632654,0.27168367346938777,0.15051020408163265,0.039540816326530615,0.008290816326530613,22,1568.0
225,Defender,6301,39,22.8,1.4,0.6071428571428571,0.20028566894143787,0.3243929534994445,0.3004285034121568,0.1739406443421679,0.006455777921239509,0.03873466752743705,0.16010329244673982,0.32601678502259523,0.2788896061975468,0.15364751452550032,0.0316333118140736,0.004519044544867657,28,1549.0
226,Midfielder,11576,71,15.6,3.0,0.2111111111111111,0.1431409813407049,0.3708534899792674,0.31591223220456116,0.16992052522460263,0.0060324825986078886,0.03155452436194896,0.1851508120649652,0.29327146171693735,0.27331786542923436,0.1642691415313225,0.04269141531322506,0.0037122969837587007,90,2155.0
227,Midfielder,10726,66,16.7,2.4,0.5245901639344263,0.14683945552862204,0.288364721238113,0.3333022561998881,0.2311206414320343,0.012610340479192938,0.03783102143757881,0.17612442202606138,0.28457335014712065,0.2635561160151324,0.1723413198823035,0.042034468263976464,0.01092896174863388,61,2379.0
228,Defender,12648,77,16.4,2.8,0.16666666666666666,0.15891840607210625,0.33602150537634407,0.3277988614800759,0.17702403542061987,0.007324429125376993,0.03231365790607497,0.17277035760448084,0.3050409306333477,0.2722964239551917,0.17621714778112882,0.03059026281775097,0.0034467901766479965,90,2321.0
229,Defender,11612,71,18.5,2.7,0.07777777777777778,0.2255425421977265,0.3422321736135033,0.3316396830864623,0.10015501205649328,0.004384042086804033,0.025427444103463395,0.14730381411661553,0.33494081543182813,0.2919772029811486,0.16790881192459448,0.0263042525208242,0.0017536168347216134,90,2281.0
230,Defender,12103,74,15.6,2.9,0.15555555555555556,0.16797488226059654,0.3323969263818888,0.3347930265223498,0.16450466826406676,0.009783071033602722,0.03572947681837516,0.16716290940025522,0.29221607826456825,0.2994470438111442,0.15695448745214802,0.03530412590387069,0.0034028073160357296,90,2351.0
231,Forward,4107,25,16.1,0.9,2.25,0.266617969320672,0.3550036523009496,0.24202580959337716,0.13416118821524228,0.004909983633387889,0.024549918166939442,0.132569558101473,0.38461538461538464,0.2864157119476268,0.1342062193126023,0.027823240589198037,0.004909983633387889,4,1222.0
